timestamp,actual,predicted,lower_95,upper_95,lower_99,upper_99,is_anomaly,severity,type,confidence
2012-01-05 00:00:00,8.0,10.013595,5.4791365,20.050816,5.0044355,26.102919,False,0.5860572,normal,0.0
2012-01-05 01:00:00,9.0,7.984329,6.01173,13.996059,4.978464,17.946428,False,0.37996745,normal,0.0
2012-01-05 02:00:00,9.0,9.010263,7.0392685,12.013685,6.0068426,13.071008,False,0.25990105,normal,0.0
2012-01-05 03:00:00,11.0,9.002933,7.033541,12.00391,6.001955,13.973302,False,1.1740848,normal,0.0
2012-01-05 04:00:00,11.0,10.972324,9.002933,12.00391,8.997775,12.0189295,False,0.5192527,normal,0.0
2012-01-05 05:00:00,10.0,10.972324,9.002933,12.00391,7.971347,14.863679,False,0.14012097,normal,0.0
2012-01-05 06:00:00,11.0,10.954453,9.992429,11.98436,8.98827,14.044171,False,0.008569291,normal,0.0
2012-01-05 07:00:00,11.0,11.03907,10.010005,11.974585,8.980939,11.979735,False,0.07704882,normal,0.0
2012-01-05 08:00:00,11.0,11.03907,8.980939,11.974585,8.980939,13.028466,False,0.30531374,normal,0.0
2012-01-05 09:00:00,12.0,11.030059,10.001833,11.964809,8.968933,11.969955,True,1.4079643,high,0.017927145585417747
2012-01-05 10:00:00,11.0,11.030059,10.001833,11.964809,10.000431,12.0681095,False,0.2948259,normal,0.0
2012-01-05 11:00:00,11.0,11.030059,10.001833,11.964809,8.973607,13.00286,False,0.3135233,normal,0.0
2012-01-05 12:00:00,10.0,11.030059,10.001833,11.964809,10.001833,14.90827,True,0.1843331,low,0.0009337662486359477
2012-01-05 13:00:00,12.0,11.021047,8.966275,12.982419,8.958803,14.050006,False,0.78766745,normal,0.0
2012-01-05 14:00:00,10.0,11.021047,8.966275,12.982419,8.951331,14.014948,False,0.91965425,normal,0.0
2012-01-05 15:00:00,11.0,9.977319,8.019154,12.961189,8.014025,20.995277,False,0.30669883,normal,0.0
2012-01-05 16:00:00,7.0,11.003024,9.044859,24.080778,8.019154,30.055067,True,1.3489194,low,0.13599826395511627
2012-01-05 17:00:00,6.0,8.006018,5.957967,15.013621,3.9829943,17.972118,False,0.9363558,normal,0.0
2012-01-05 18:00:00,4.0,6.9693913,5.003666,18.073517,4.020803,182.8125,True,0.31703755,low,0.07679244875907898
2012-01-05 19:00:00,6.0,3.9692543,2.0287302,11.049972,2.0185864,13.961655,False,0.3557958,normal,0.0
2012-01-05 20:00:00,7.0,5.970262,3.028394,13.004798,1.033115,17.99731,False,0.29079014,normal,0.0
2012-01-05 21:00:00,4.0,6.965268,3.5127308,12.984635,3.0045245,17.982439,False,1.3795794,normal,0.0
2012-01-05 22:00:00,7.0,5.997984,2.9989922,10.993457,1.9609125,14.01691,False,0.43697414,normal,0.0
2012-01-05 23:00:00,8.0,7.001161,2.9883006,14.0279455,2.9831777,19.98875,False,0.26143217,normal,0.0
2012-01-06 00:00:00,9.0,7.9754705,3.9877353,11.965327,2.9695904,14.034741,False,0.5784195,normal,0.0
2012-01-06 01:00:00,4.0,8.985521,7.0358324,12.085967,6.0033455,15.004124,True,3.4581552,low,0.6011387705802917
2012-01-06 02:00:00,8.0,7.0041394,3.0379403,12.00831,2.0252934,17.974901,False,0.32960474,normal,0.0
2012-01-06 03:00:00,9.0,9.004919,4.03959,12.03461,4.03959,13.990465,False,0.19299348,normal,0.0
2012-01-06 04:00:00,9.0,8.988575,5.964382,11.004704,5.964382,12.037574,False,0.16317493,normal,0.0
2012-01-06 05:00:00,9.0,8.972233,6.9597692,10.984696,5.948926,11.990927,False,0.42782047,normal,0.0
2012-01-06 06:00:00,10.0,10.034824,7.024377,12.04179,6.020895,13.975594,False,0.26649925,normal,0.0
2012-01-06 07:00:00,9.0,10.02566,8.020528,11.032405,6.015396,12.826101,False,0.15285835,normal,0.0
2012-01-06 08:00:00,10.0,10.007331,8.005865,12.008799,8.000861,16.01173,False,0.22611642,normal,0.0
2012-01-06 09:00:00,10.0,9.989003,8.990103,11.986805,7.9912024,13.984605,False,0.19255102,normal,0.0
2012-01-06 10:00:00,9.0,9.979838,8.981855,11.975807,8.976866,12.99377,False,1.3522147,normal,0.0
2012-01-06 11:00:00,9.0,10.035282,9.040048,11.030518,7.9569006,12.025752,True,1.1253932,low,0.020119683817029
2012-01-06 12:00:00,9.0,10.016801,8.029998,11.010203,8.029998,12.008577,False,0.93675405,normal,0.0
2012-01-06 13:00:00,10.0,8.998427,8.007775,10.9797325,7.997869,11.970386,False,0.60640323,normal,0.0
2012-01-06 14:00:00,9.0,9.979838,7.9756236,10.994328,6.005636,17.990112,False,0.4929196,normal,0.0
2012-01-06 15:00:00,8.0,8.973454,6.009745,12.044197,6.0072756,20.065197,False,0.6568151,normal,0.0
2012-01-06 16:00:00,11.0,6.978174,4.022712,11.000886,4.0177865,12.006174,False,2.0761116,normal,0.0
2012-01-06 17:00:00,36.0,9.013777,5.957287,26.02525,3.0319068,42.08463,True,3.7185535,high,0.49704843759536743
2012-01-06 18:00:00,2.0,12.00834,4.030196,37.920856,4.030196,40.69697,True,0.97554594,low,0.059904299676418304
2012-01-06 19:00:00,5.0,4.7261424,0.9778227,26.124176,1.5526894e-07,35.935387,False,0.27632594,normal,0.0
2012-01-06 20:00:00,11.0,5.023674,2.0256753,12.042657,1.5439582e-07,28.075083,False,1.4861014,normal,0.0
2012-01-06 21:00:00,13.0,9.032258,2.0161293,17.983871,2.0060487,34.041943,False,0.86314714,normal,0.0
2012-01-06 22:00:00,16.0,10.985612,3.9832866,22.05141,1.9946506,28.075064,False,0.94600433,normal,0.0
2012-01-06 23:00:00,17.0,12.737583,4.005529,24.994501,1.9927509,31.98417,False,0.7132282,normal,0.0
2012-01-07 00:00:00,12.0,13.991935,8.003625,22.045258,5.9577026,34.025845,False,0.6309134,normal,0.0
2012-01-07 01:00:00,8.0,10.96041,6.036168,15.964076,1.9855818,18.987328,False,1.2142229,normal,0.0
2012-01-07 02:00:00,8.0,8.9834585,5.008477,13.03794,5.0033097,17.02287,False,0.5625599,normal,0.0
2012-01-07 03:00:00,9.0,8.966199,4.9988546,11.981381,1.9836726,13.017657,False,0.045331396,normal,0.0
2012-01-07 04:00:00,10.0,9.03684,6.9758067,11.042393,1.9718546,11.970246,False,0.6394727,normal,0.0
2012-01-07 05:00:00,10.0,9.978464,7.972872,12.987843,5.9985614,17.752476,False,0.065496534,normal,0.0
2012-01-07 06:00:00,10.0,9.9688425,7.990897,12.025905,7.0311985,12.055603,False,0.06376005,normal,0.0
2012-01-07 07:00:00,9.0,9.9688425,8.993716,12.975319,6.0078096,17.959738,False,0.8930987,normal,0.0
2012-01-07 08:00:00,10.0,10.03826,7.983184,10.986757,5.9921303,10.986757,False,0.32830098,normal,0.0
2012-01-07 09:00:00,11.0,10.03826,8.985034,11.012455,7.029549,14.729695,False,0.027064838,normal,0.0
2012-01-07 10:00:00,9.0,10.028562,7.97547,12.002687,5.996211,13.029234,False,0.98146313,normal,0.0
2012-01-07 11:00:00,10.0,10.018864,7.9677577,10.965528,7.0210934,11.054287,False,0.19910204,normal,0.0
2012-01-07 12:00:00,11.0,10.018864,7.9677577,13.016634,4.4966555,16.742073,False,0.017053265,normal,0.0
2012-01-07 13:00:00,9.0,10.018864,7.9677577,11.99108,5.99554,16.024275,False,0.8908062,normal,0.0
2012-01-07 14:00:00,10.0,9.999465,5.983932,11.967864,4.0155334,12.991431,False,0.113680385,normal,0.0
2012-01-07 15:00:00,8.0,9.999465,5.983932,20.048159,1.9683988,52.433556,False,0.265349,normal,0.0
2012-01-07 16:00:00,13.0,8.015488,4.007744,24.119207,1.9547577,40.05903,False,0.78523874,normal,0.0
2012-01-07 17:00:00,12.0,8.975898,2.991966,22.294174,1.9585568,35.99218,False,0.33088923,normal,0.0
2012-01-07 18:00:00,23.0,10.012219,5.0061097,18.08643,3.0084512,26.037708,True,3.1679168,high,0.3756459951400757
2012-01-07 19:00:00,12.0,13.99835,2.954173,31.993322,2.0003495,35.97391,False,0.37368074,normal,0.0
2012-01-07 20:00:00,16.0,11.503963,4.988774,23.975897,4.010751,28.026512,False,0.88592017,normal,0.0
2012-01-07 21:00:00,13.0,14.029509,6.012647,23.978214,2.0042157,34.007465,False,0.27236375,normal,0.0
2012-01-07 22:00:00,13.0,13.003651,6.018833,19.98847,2.9722633,24.021109,False,0.038560826,normal,0.0
2012-01-07 23:00:00,14.0,13.0170145,6.9919963,18.050898,4.016679,22.02219,False,0.34195057,normal,0.0
2012-01-08 00:00:00,12.0,12.990286,7.9908814,20.042156,5.992605,23.026224,False,0.2799064,normal,0.0
2012-01-08 01:00:00,9.0,12.000551,6.963282,16.024818,5.99509,16.97857,False,1.1007638,normal,0.0
2012-01-08 02:00:00,8.0,9.990149,5.9940896,15.984238,3.9760792,17.02544,False,0.9768103,normal,0.0
2012-01-08 03:00:00,11.0,9.018817,7.022849,11.975806,5.9679437,11.980986,False,1.3602092,normal,0.0
2012-01-08 04:00:00,11.0,9.979838,7.983871,13.971774,7.022849,15.968112,False,0.3849008,normal,0.0
2012-01-08 05:00:00,10.0,11.026164,9.028134,13.024193,9.022954,13.986208,False,0.71674836,normal,0.0
2012-01-08 06:00:00,11.0,9.990149,9.028134,11.988179,7.987309,13.996208,False,0.49872643,normal,0.0
2012-01-08 07:00:00,11.0,11.014785,9.018817,11.975806,9.013642,17.964079,False,0.31328034,normal,0.0
2012-01-08 08:00:00,11.0,11.014785,9.018817,13.010752,9.013642,13.971774,False,0.17028381,normal,0.0
2012-01-08 09:00:00,10.0,11.026164,9.028134,12.014089,9.018145,15.984238,False,1.0159723,normal,0.0
2012-01-08 10:00:00,11.0,11.026164,7.992119,11.988179,7.9821286,13.996578,False,0.3668834,normal,0.0
2012-01-08 11:00:00,12.0,11.014785,9.018817,11.975806,7.979066,11.985796,True,1.5274308,high,0.008181888610124588
2012-01-08 12:00:00,10.0,10.963466,8.963374,14.000642,7.9951816,14.005462,False,0.90998226,normal,0.0
2012-01-08 13:00:00,11.0,10.963466,8.963374,14.050662,6.958467,17.93713,False,0.04994733,normal,0.0
2012-01-08 14:00:00,11.0,10.000459,6.963282,14.000642,4.948375,18.020475,False,0.25029433,normal,0.0
2012-01-08 15:00:00,10.0,10.000459,6.0002756,14.000642,5.9902754,34.03759,False,0.14937419,normal,0.0
2012-01-08 16:00:00,10.0,10.000459,4.9631906,24.051123,3.9949982,29.957329,False,0.19297808,normal,0.0
2012-01-08 17:00:00,15.0,10.021078,5.9866667,25.980572,2.9643836,36.101955,False,0.78159356,normal,0.0
2012-01-08 18:00:00,11.0,12.024836,2.987537,30.024744,2.0065045,36.039814,False,0.32767838,normal,0.0
2012-01-08 19:00:00,12.0,11.0128765,5.993402,22.001423,3.9608896,32.08457,False,0.062083043,normal,0.0
2012-01-08 20:00:00,6.0,11.972598,4.969758,17.996548,3.9810774,33.96001,False,1.6334913,normal,0.0
2012-01-08 21:00:00,8.0,6.995739,2.031021,16.122206,2.031021,24.0063,False,0.06156748,normal,0.0
2012-01-08 22:00:00,9.0,7.981733,3.9419217,15.033536,2.0229175,18.016521,False,0.11156034,normal,0.0
2012-01-08 23:00:00,18.0,8.987887,4.003009,13.974656,2.038891,17.019232,True,3.6363058,high,0.40367889404296875
2012-01-09 00:00:00,10.0,13.019841,5.9902687,20.074177,3.949352,28.049032,False,0.5907068,normal,0.0
2012-01-09 01:00:00,12.0,9.002475,3.9671924,12.9696665,1.9786372,15.054375,False,1.3446343,normal,0.0
2012-01-09 02:00:00,10.0,10.024285,4.973882,14.003391,2.9694078,15.997922,False,0.023084467,normal,0.0
2012-01-09 03:00:00,13.0,10.03429,6.9703846,13.046501,5.9646573,16.028841,False,1.8625304,normal,0.0
2012-01-09 04:00:00,13.0,10.975302,6.9842834,14.966322,3.9860306,18.009521,False,0.6594925,normal,0.0
2012-01-09 05:00:00,12.0,11.996883,8.9976635,16.095827,7.9929237,20.01482,False,0.05843641,normal,0.0
2012-01-09 06:00:00,12.0,12.020711,9.015533,14.024164,9.010525,16.032629,False,0.14664802,normal,0.0
2012-01-09 07:00:00,13.0,12.032624,10.027186,14.965577,9.024468,20.743835,False,0.05404137,normal,0.0
2012-01-09 08:00:00,13.0,11.979167,8.9650545,14.013702,8.940323,16.003012,False,0.8043429,normal,0.0
2012-01-09 09:00:00,12.0,12.002841,8.982772,15.02291,7.9563346,16.049366,False,0.19168757,normal,0.0
2012-01-09 10:00:00,13.0,12.002841,9.989461,14.94741,8.972705,16.03929,False,0.7253523,normal,0.0
2012-01-09 11:00:00,12.0,12.026515,10.009164,17.017529,9.000488,22.045774,False,0.2934742,normal,0.0
2012-01-09 12:00:00,13.0,12.038352,9.009348,16.024609,6.984963,18.018696,False,0.53137636,normal,0.0
2012-01-09 13:00:00,12.0,11.995968,8.023277,17.006632,5.997984,18.004087,False,0.23442782,normal,0.0
2012-01-09 14:00:00,13.0,13.008615,9.010608,17.993952,4.9853373,20.024313,False,0.18062986,normal,0.0
2012-01-09 15:00:00,11.0,12.96875,8.984375,20.0,7.9640627,21.973457,False,0.81421566,normal,0.0
2012-01-09 16:00:00,9.0,12.03125,7.00586,19.085945,6.0105467,24.08205,False,1.0845271,normal,0.0
2012-01-09 17:00:00,12.0,10.01955,6.0019455,16.988226,3.9772916,20.05908,False,0.49769843,normal,0.0
2012-01-09 18:00:00,4.0,11.023032,5.499706,18.030533,4.0052977,20.018633,True,2.3258262,low,0.11968130618333817
2012-01-09 19:00:00,9.0,7.0074997,1.9191886,16.008997,1.5003025e-07,18.04078,False,0.39281854,normal,0.0
2012-01-09 20:00:00,11.0,8.488743,2.975008,17.08015,1.9741265,20.02835,False,0.52095747,normal,0.0
2012-01-09 21:00:00,9.0,11.018603,4.0408154,18.123241,2.9972186,24.028889,False,0.50516963,normal,0.0
2012-01-09 22:00:00,8.0,10.036199,3.9826186,18.02534,3.9778395,20.09193,False,0.49918863,normal,0.0
2012-01-09 23:00:00,19.0,9.009347,3.986437,16.982222,2.459233,24.008326,True,2.8179858,high,0.15526404976844788
2012-01-10 00:00:00,14.0,12.00475,4.0284395,21.054647,2.01422,25.983473,False,0.3285393,normal,0.0
2012-01-10 01:00:00,11.0,11.980695,5.492501,18.1269,2.0185041,23.961794,False,0.374874,normal,0.0
2012-01-10 02:00:00,10.0,11.000504,7.961106,14.993279,3.010064,18.048199,False,0.34779632,normal,0.0
2012-01-10 03:00:00,11.0,9.959831,8.00052,13.986632,7.990315,20.006203,False,0.1830332,normal,0.0
2012-01-10 04:00:00,11.0,10.959952,8.015488,13.004719,8.005264,15.949185,False,0.27681673,normal,0.0
2012-01-10 05:00:00,12.0,10.980419,9.013777,13.029004,8.030456,14.012325,False,0.9717855,normal,0.0
2012-01-10 06:00:00,11.0,11.9971895,9.038979,12.983259,9.038979,13.50385,False,0.53036785,normal,0.0
2012-01-10 07:00:00,11.0,11.021353,8.96513,12.995326,8.960195,14.079381,False,0.2643325,normal,0.0
2012-01-10 08:00:00,11.0,10.959417,9.463828,13.019458,8.981778,13.024406,False,0.16295849,normal,0.0
2012-01-10 09:00:00,12.0,10.969575,8.990103,13.031525,5.0208488,13.036065,False,0.9830007,normal,0.0
2012-01-10 10:00:00,12.0,10.989889,9.006751,12.973026,9.001793,12.973026,False,0.70779616,normal,0.0
2012-01-10 11:00:00,11.0,12.014678,10.026041,13.11465,9.011422,15.022515,False,0.55938095,normal,0.0
2012-01-10 12:00:00,12.0,12.036826,8.96536,13.032976,8.96536,14.039099,False,0.49197027,normal,0.0
2012-01-10 13:00:00,11.0,11.986805,8.990103,14.983505,7.9912024,15.982405,False,0.5123623,normal,0.0
2012-01-10 14:00:00,11.0,10.997984,5.9989004,15.072265,4.9990835,20.006342,False,0.1567054,normal,0.0
2012-01-10 15:00:00,11.0,11.018146,8.013197,18.077707,7.006539,24.132671,False,0.18646848,normal,0.0
2012-01-10 16:00:00,9.0,10.964688,7.9598603,14.982284,3.0131967,21.013285,False,1.0100812,normal,0.0
2012-01-10 17:00:00,10.0,11.028226,5.0128303,18.169466,4.005251,24.09127,False,0.3393018,normal,0.0
2012-01-10 18:00:00,24.0,10.032075,3.9965177,19.003849,3.0075834,22.031424,True,3.7065327,high,0.33291399478912354
2012-01-10 19:00:00,16.0,12.985704,4.994502,23.973606,4.9895077,24.987507,False,0.6842883,normal,0.0
2012-01-10 20:00:00,13.0,12.023689,5.9698043,19.109686,4.030879,23.973396,False,0.29117438,normal,0.0
2012-01-10 21:00:00,10.0,11.961296,8.002275,18.04935,8.002275,21.995317,False,0.9676588,normal,0.0
2012-01-10 22:00:00,9.0,11.004704,5.964382,21.001345,4.951697,24.035625,False,0.6985156,normal,0.0
2012-01-10 23:00:00,20.0,12.019795,6.0098977,23.062992,4.0015903,24.040007,False,1.6092077,normal,0.0
2012-01-11 00:00:00,13.0,12.973485,8.035191,21.081942,8.0251465,24.031506,False,0.12176638,normal,0.0
2012-01-11 01:00:00,11.0,10.974691,6.031892,16.001266,3.015946,19.031887,False,0.053121828,normal,0.0
2012-01-11 02:00:00,9.0,10.500671,7.98051,13.020833,7.9704294,15.96102,False,1.126838,normal,0.0
2012-01-11 03:00:00,10.0,10.005728,7.9373164,13.057904,5.9698043,14.046701,False,0.17340028,normal,0.0
2012-01-11 04:00:00,10.0,11.0247135,9.004919,12.057762,7.984922,12.9654045,False,0.77751255,normal,0.0
2012-01-11 05:00:00,11.0,11.0247135,9.004919,12.03461,7.989971,12.96035,False,0.48466408,normal,0.0
2012-01-11 06:00:00,11.0,11.034718,9.013089,11.961296,9.008035,11.966355,False,0.26318282,normal,0.0
2012-01-11 07:00:00,10.0,10.96041,10.032991,11.97214,10.032991,12.9838705,True,1.8633658,low,0.017013337463140488
2012-01-11 08:00:00,11.0,10.970339,10.042079,11.995647,9.029433,14.028551,False,0.041198436,normal,0.0
2012-01-11 09:00:00,11.0,10.980266,9.037604,11.993829,8.02404,13.007392,False,0.2010562,normal,0.0
2012-01-11 10:00:00,11.0,10.980266,9.531715,11.993829,9.019867,13.007392,False,0.21237403,normal,0.0
2012-01-11 11:00:00,10.0,11.000122,9.984727,13.030914,8.954523,13.030914,False,1.6705326,normal,0.0
2012-01-11 12:00:00,11.0,11.000122,9.959342,12.015518,8.964677,13.035573,False,0.084899135,normal,0.0
2012-01-11 13:00:00,11.0,11.000122,8.969331,12.015518,8.018244,14.031571,False,0.09306509,normal,0.0
2012-01-11 14:00:00,11.0,11.019978,8.960091,12.9696665,6.9464006,12.979849,False,0.21765858,normal,0.0
2012-01-11 15:00:00,9.0,11.029906,7.9754705,13.999496,6.9526596,16.98395,False,1.2814887,normal,0.0
2012-01-11 16:00:00,7.0,10.020772,3.9913244,20.041544,3.9862292,22.089441,False,0.9128685,normal,0.0
2012-01-11 17:00:00,4.0,9.966703,3.9697886,22.976208,1.6094418e-07,26.019857,False,1.3502828,normal,0.0
2012-01-11 18:00:00,2.0,8.469116,1.5978003e-07,18.028318,1.5978003e-07,19.039583,False,1.5043089,normal,0.0
2012-01-11 19:00:00,10.0,1.9739738,1.5672413e-07,16.038536,1.5672413e-07,20.078611,False,1.5938696,normal,0.0
2012-01-11 20:00:00,15.0,10.015733,1.9703081,18.003698,0.98022836,23.972082,False,1.3082472,normal,0.0
2012-01-11 21:00:00,12.0,10.990653,4.01897,16.069756,1.9684752,20.032534,False,0.41240144,normal,0.0
2012-01-11 22:00:00,13.0,9.997098,4.9739656,15.978969,1.9666423,18.037395,False,1.088455,normal,0.0
2012-01-11 23:00:00,12.0,13.029004,6.9406075,24.009424,3.021664,29.991293,False,0.4195783,normal,0.0
2012-01-12 00:00:00,6.0,13.004719,7.9909506,22.050789,5.950682,24.06652,True,1.9485486,low,0.14160549640655518
2012-01-12 01:00:00,6.0,9.027905,2.033312,13.989186,1.549779e-07,15.941573,False,0.7619996,normal,0.0
2012-01-12 02:00:00,9.0,9.002475,2.0275846,13.002907,1.5454134e-07,17.933992,False,0.2667343,normal,0.0
2012-01-12 03:00:00,9.0,9.010951,6.0073013,12.014603,5.0229964,12.988758,False,0.22425139,normal,0.0
2012-01-12 04:00:00,9.0,8.993998,6.944014,11.019672,5.98587,12.002135,False,0.41885537,normal,0.0
2012-01-12 05:00:00,10.0,10.028409,8.006553,10.9989,5.984696,10.9989,False,0.45885855,normal,0.0
2012-01-12 06:00:00,10.0,10.028409,8.006553,10.9989,7.0308046,13.020758,False,0.08252856,normal,0.0
2012-01-12 07:00:00,10.0,10.018939,8.968567,10.988514,8.968567,13.018572,False,0.2526036,normal,0.0
2012-01-12 08:00:00,9.0,10.00947,8.96009,10.978128,8.96009,10.988229,False,2.2840004,normal,0.0
2012-01-12 09:00:00,11.0,9.99053,9.023705,11.037924,9.023705,12.00475,False,1.316255,normal,0.0
2012-01-12 10:00:00,9.0,10.0,9.032258,10.967742,7.9838715,12.0161295,True,1.336005,low,0.01666664145886898
2012-01-12 11:00:00,10.0,9.981061,8.991004,11.027462,6.9980116,13.039774,False,0.10109055,normal,0.0
2012-01-12 12:00:00,10.0,9.962121,8.033969,11.0065365,6.4998827,13.989158,False,0.16453978,normal,0.0
2012-01-12 13:00:00,10.0,9.962121,8.973943,11.0065365,6.0202546,11.975841,False,0.22529376,normal,0.0
2012-01-12 14:00:00,10.0,10.032915,8.989491,12.039498,8.021114,13.002659,False,0.0067663053,normal,0.0
2012-01-12 15:00:00,8.0,10.023369,6.0140214,12.052108,3.5206084,14.032716,False,0.9291404,normal,0.0
2012-01-12 16:00:00,7.0,6.9629765,2.9372556,12.965544,2.0008557,14.966398,False,0.006721762,normal,0.0
2012-01-12 17:00:00,2.0,7.02285,1.9951279,20.055033,1.5206751e-07,27.932186,False,1.2239599,normal,0.0
2012-01-12 18:00:00,2.0,2.994868,1.5017577e-07,14.028593,1.5017577e-07,17.033321,False,0.6293732,normal,0.0
2012-01-12 19:00:00,2.0,3.984375,1.0156251,19.009775,1.4886609e-07,21.953516,False,0.80359465,normal,0.0
2012-01-12 20:00:00,4.0,2.0113943,1.474109e-07,14.0023985,1.474109e-07,15.027841,False,0.003836317,normal,0.0
2012-01-12 21:00:00,2.0,4.0148463,2.0074232,17.9896,1.4711986e-07,20.002045,True,0.8421248,low,0.00046446503256447613
2012-01-12 22:00:00,12.0,2.9932647,1.4624675e-07,15.964076,1.4624675e-07,17.959969,False,2.1487067,normal,0.0
2012-01-12 23:00:00,14.0,12.008798,2.0014665,20.062792,1.9914591,23.052307,False,0.48120093,normal,0.0
2012-01-13 00:00:00,12.0,9.967619,1.993524,16.024864,1.9835564,20.016903,False,0.5822743,normal,0.0
2012-01-13 01:00:00,9.0,9.987475,3.9949906,13.982467,1.9974953,15.979961,False,0.46704894,normal,0.0
2012-01-13 02:00:00,8.0,8.961923,6.9703846,11.03006,3.9780982,12.066081,False,0.9970935,normal,0.0
2012-01-13 03:00:00,9.0,9.020497,7.03293,11.008065,7.0226097,11.018013,False,0.09636863,normal,0.0
2012-01-13 04:00:00,10.0,8.984451,7.9946394,10.964077,7.004827,10.989227,False,0.89429146,normal,0.0
2012-01-13 05:00:00,10.0,10.020162,9.033327,11.006996,9.028013,11.99383,False,0.2898873,normal,0.0
2012-01-13 06:00:00,10.0,10.0,9.015151,11.969696,8.030303,17.954546,False,0.033857465,normal,0.0
2012-01-13 07:00:00,9.0,9.979839,8.996976,10.962702,8.992062,10.962702,False,1.7802829,normal,0.0
2012-01-13 08:00:00,11.0,10.014815,9.035923,10.993708,7.9768386,11.977874,True,1.2152584,high,0.0032140102703124285
2012-01-13 09:00:00,10.0,9.994502,9.017595,12.02346,9.017595,13.025565,False,0.39776358,normal,0.0
2012-01-13 10:00:00,9.0,9.974188,8.999267,11.9990225,8.999267,12.973944,False,2.0065444,normal,0.0
2012-01-13 11:00:00,10.0,10.008248,9.037298,12.024836,9.037298,12.024836,False,0.32065827,normal,0.0
2012-01-13 12:00:00,11.0,9.987782,9.018817,11.031281,9.013599,11.258619,False,1.9081726,normal,0.0
2012-01-13 13:00:00,9.0,9.967314,9.000336,12.001698,8.013274,16.002384,True,1.2400141,low,0.0001118469808716327
2012-01-13 14:00:00,10.0,10.010768,8.008615,12.976921,8.003424,20.026361,False,0.097950585,normal,0.0
2012-01-13 15:00:00,8.0,9.018817,3.9919355,13.010752,1.9959679,15.978102,False,0.41976687,normal,0.0
2012-01-13 16:00:00,7.0,7.0010843,1.989782,12.996232,1.4042598e-07,22.054909,False,0.15575537,normal,0.0
2012-01-13 17:00:00,19.0,3.971316,1.9856582,13.090661,1.97573,18.037884,True,3.981805,high,0.5321329832077026
2012-01-13 18:00:00,16.0,14.963649,6.939207,24.051123,2.0000918,29.927668,False,0.25510868,normal,0.0
2012-01-13 19:00:00,8.0,14.023858,5.9995117,22.145735,2.9948812,32.022392,False,1.2855392,normal,0.0
2012-01-13 20:00:00,7.0,8.016175,2.0227733,14.009577,1.4275429e-07,20.00298,False,0.20548484,normal,0.0
2012-01-13 21:00:00,6.0,7.013532,2.0145254,16.090105,2.0145254,20.006111,False,0.39448583,normal,0.0
2012-01-13 22:00:00,7.0,11.975654,2.0083396,26.034029,2.0083396,29.976698,False,0.74622744,normal,0.0
2012-01-13 23:00:00,13.0,10.031388,2.9481137,21.922298,2.0062778,26.017342,False,0.42764923,normal,0.0
2012-01-14 00:00:00,10.0,9.969529,5.981718,16.025095,3.9778423,24.010698,False,0.29193845,normal,0.0
2012-01-14 01:00:00,11.0,8.972233,6.030517,11.987492,3.9665358,13.983455,False,1.2358091,normal,0.0
2012-01-14 02:00:00,10.0,10.001833,8.016175,13.017091,6.030517,13.032182,False,0.026748411,normal,0.0
2012-01-14 03:00:00,13.0,10.001833,8.948331,11.987492,6.981794,11.987492,True,3.2999945,high,0.3331538438796997
2012-01-14 04:00:00,12.0,10.980648,8.990867,15.057867,8.027664,20.065126,False,0.33237392,normal,0.0
2012-01-14 05:00:00,14.0,12.024836,10.007171,14.016679,9.000184,15.935121,False,2.1282508,normal,0.0
2012-01-14 06:00:00,13.0,11.975806,9.979838,15.967742,9.018817,15.977732,False,0.3257495,normal,0.0
2012-01-14 07:00:00,12.0,12.000551,8.963374,14.989586,8.963374,16.674105,False,0.21507713,normal,0.0
2012-01-14 08:00:00,13.0,12.012921,9.984814,14.015075,8.972614,14.98427,False,0.83203256,normal,0.0
2012-01-14 09:00:00,13.0,11.96336,10.031388,13.969636,10.031388,13.969636,False,0.80657786,normal,0.0
2012-01-14 10:00:00,14.0,11.975654,10.982641,13.983993,9.962479,17.058636,True,1.2217667,high,0.005333403591066599
2012-01-14 11:00:00,12.0,12.969209,11.031281,16.025171,9.977719,16.030022,False,1.140005,normal,0.0
2012-01-14 12:00:00,12.0,12.01254,10.943722,15.021279,9.998014,18.02146,False,0.4488294,normal,0.0
2012-01-14 13:00:00,14.0,12.01254,9.998014,14.027064,9.022834,15.966978,False,1.6494261,normal,0.0
2012-01-14 14:00:00,12.0,13.02236,10.028714,16.016006,10.023476,16.994184,False,0.64376503,normal,0.0
2012-01-14 15:00:00,11.0,11.986803,8.016175,19.929934,5.9832883,24.078144,False,0.34828448,normal,0.0
2012-01-14 16:00:00,9.0,11.0128765,3.9706287,23.098953,2.0227733,25.99638,False,0.66977376,normal,0.0
2012-01-14 17:00:00,36.0,8.016175,2.0227733,24.024195,2.0126593,27.964485,True,4.779067,high,0.5443195700645447
2012-01-14 18:00:00,10.0,23.532349,7.9979224,38.113194,5.9884443,39.989613,False,1.6316061,normal,0.0
2012-01-14 19:00:00,11.0,10.010081,1.9716827,19.05708,1.9618243,21.081152,False,0.2804439,normal,0.0
2012-01-14 20:00:00,10.0,10.0351305,2.9935622,19.08941,2.0372071,25.975916,False,0.15328294,normal,0.0
2012-01-14 21:00:00,7.0,10.004659,6.0178404,19.031418,3.0040307,23.996511,False,1.1241903,normal,0.0
2012-01-14 22:00:00,6.0,8.999267,2.9753828,15.9737,2.0248353,24.007803,False,1.0235225,normal,0.0
2012-01-14 23:00:00,10.0,7.02789,2.0186493,15.05203,2.0085561,20.066898,False,0.5242572,normal,0.0
2012-01-15 00:00:00,10.0,9.990149,5.9940896,15.984238,3.9960594,21.031126,False,0.20291196,normal,0.0
2012-01-15 01:00:00,9.0,10.032991,5.975532,14.016679,3.9788928,20.022118,False,0.5998185,normal,0.0
2012-01-15 02:00:00,9.0,10.012219,6.9938297,13.030608,6.031626,13.987659,False,0.62410206,normal,0.0
2012-01-15 03:00:00,11.0,10.012219,8.024499,11.99994,8.014561,14.027822,False,0.81927717,normal,0.0
2012-01-15 04:00:00,11.0,10.022605,8.990867,12.036347,8.986076,14.002169,False,0.5633257,normal,0.0
2012-01-15 05:00:00,11.0,10.992027,9.000184,12.0488205,9.000184,12.989039,False,0.29838812,normal,0.0
2012-01-15 06:00:00,11.0,10.992027,9.000184,14.016679,9.000184,14.021848,False,0.0082174465,normal,0.0
2012-01-15 07:00:00,11.0,10.992027,9.000184,12.9838705,8.990225,12.993839,False,0.09741102,normal,0.0
2012-01-15 08:00:00,11.0,11.003407,9.0095005,11.963436,9.0095005,13.022445,False,0.057431467,normal,0.0
2012-01-15 09:00:00,12.0,11.003407,9.0095005,12.997312,9.0095005,14.031189,False,1.3098305,normal,0.0
2012-01-15 10:00:00,10.0,11.495296,9.979838,13.971774,9.018817,13.971774,False,1.5523776,normal,0.0
2012-01-15 11:00:00,11.0,11.003407,9.0095005,12.997312,8.999531,14.035994,False,0.3006887,normal,0.0
2012-01-15 12:00:00,12.0,11.014785,9.018817,13.010752,9.018817,13.971774,False,1.0672858,normal,0.0
2012-01-15 13:00:00,10.0,11.988179,9.028134,13.986208,9.028134,13.986208,False,1.3117323,normal,0.0
2012-01-15 14:00:00,11.0,9.979838,7.983871,13.971774,5.9731183,16.02805,False,0.38838387,normal,0.0
2012-01-15 15:00:00,10.0,9.979838,5.0139446,13.997657,3.9871304,27.953907,False,0.055812124,normal,0.0
2012-01-15 16:00:00,8.0,9.990149,5.0061746,30.044447,3.9860692,32.052475,False,0.50350803,normal,0.0
2012-01-15 17:00:00,24.0,8.000367,2.0000918,35.927574,1.9900913,36.03131,False,1.5959615,normal,0.0
2012-01-15 18:00:00,7.0,12.021169,1.9657259,24.066948,1.9657259,30.045015,False,0.9994216,normal,0.0
2012-01-15 19:00:00,8.0,6.9907746,1.9756538,18.99667,1.9756538,24.041834,False,0.103982635,normal,0.0
2012-01-15 20:00:00,12.0,6.976723,3.9680111,17.011457,1.9618243,18.058348,False,1.4312224,normal,0.0
2012-01-15 21:00:00,9.0,9.979839,4.0070567,17.920237,1.9558973,26.037958,False,0.34165114,normal,0.0
2012-01-15 22:00:00,6.0,8.969712,4.9747987,14.019886,3.0150294,15.029951,False,1.3141891,normal,0.0
2012-01-15 23:00:00,12.0,10.028714,3.9179342,17.963747,2.0207112,22.033266,False,0.5928317,normal,0.0
2012-01-16 00:00:00,12.0,10.028714,7.0088735,16.016006,5.0042534,17.991842,False,0.5302921,normal,0.0
2012-01-16 01:00:00,11.0,10.014815,7.0028405,14.005681,5.489324,14.005681,False,0.4571552,normal,0.0
2012-01-16 02:00:00,10.0,10.973776,7.9976115,13.017168,4.99496,16.044416,False,0.44041878,normal,0.0
2012-01-16 03:00:00,14.0,10.984849,9.015151,13.030302,8.030303,14.025009,True,2.7572548,high,0.24150964617729187
2012-01-16 04:00:00,12.0,12.030028,8.984451,15.989278,8.984451,15.989278,False,0.065176815,normal,0.0
2012-01-16 05:00:00,12.0,11.989859,10.004277,13.975441,9.011486,16.07714,False,0.028439108,normal,0.0
2012-01-16 06:00:00,13.0,12.013838,10.024285,14.003391,10.019312,15.992943,False,0.9917951,normal,0.0
2012-01-16 07:00:00,12.0,11.973057,9.977548,13.968567,8.974804,14.971315,False,0.21418613,normal,0.0
2012-01-16 08:00:00,12.0,11.996883,10.997143,13.996365,9.997403,16.005852,False,0.4344527,normal,0.0
2012-01-16 09:00:00,14.0,12.032624,10.027186,14.038062,9.024468,14.0480995,False,1.9229193,normal,0.0
2012-01-16 10:00:00,12.0,11.991003,9.9796095,14.0023985,9.974581,15.01274,False,0.42255712,normal,0.0
2012-01-16 11:00:00,13.0,12.026515,10.009164,13.966276,8.995445,18.001366,False,0.5547386,normal,0.0
2012-01-16 12:00:00,12.0,11.984206,10.038718,14.007515,9.022007,16.040947,False,0.3428796,normal,0.0
2012-01-16 13:00:00,14.0,12.007729,9.98045,14.035008,8.957065,18.011595,False,1.2102071,normal,0.0
2012-01-16 14:00:00,12.0,11.976494,9.00194,14.011715,8.991764,18.014065,False,0.14866063,normal,0.0
2012-01-16 15:00:00,11.0,10.980267,7.9999084,16.127285,6.975607,20.029997,False,0.22590029,normal,0.0
2012-01-16 16:00:00,10.0,9.478479,7.0007033,30.020449,4.0116386,38.080685,False,0.16428965,normal,0.0
2012-01-16 17:00:00,7.0,19.958838,5.99554,39.996567,4.023323,44.019886,False,1.2466172,normal,0.0
2012-01-16 18:00:00,37.0,11.018603,3.9397452,38.051838,1.9718546,48.03794,False,1.9691864,normal,0.0
2012-01-16 19:00:00,16.0,9.997098,4.015228,18.125921,4.004985,27.973055,False,1.3417708,normal,0.0
2012-01-16 20:00:00,21.0,9.961511,5.976907,16.02143,4.970794,23.990639,True,3.7503,high,0.4956502914428711
2012-01-16 21:00:00,15.0,11.97214,5.9860706,22.93466,3.957973,25.9977,False,0.5517254,normal,0.0
2012-01-16 22:00:00,13.0,11.004169,5.971255,20.069824,5.022679,21.963594,False,0.37592885,normal,0.0
2012-01-16 23:00:00,20.0,12.977761,8.000107,21.003483,5.9667816,24.011866,False,2.0739913,normal,0.0
2012-01-17 00:00:00,15.0,15.0216875,9.013014,23.948862,7.9782333,26.968235,False,0.10207252,normal,0.0
2012-01-17 01:00:00,12.0,14.028975,9.037069,19.967619,6.96672,26.00224,False,0.70101166,normal,0.0
2012-01-17 02:00:00,10.0,11.995204,8.974829,15.96484,8.970082,20.051006,False,1.2361054,normal,0.0
2012-01-17 03:00:00,12.0,10.979045,8.990714,14.03071,7.9485693,17.981861,False,0.2950544,normal,0.0
2012-01-17 04:00:00,11.0,11.961602,9.968002,14.041882,9.014541,15.010525,False,0.5895775,normal,0.0
2012-01-17 05:00:00,11.0,11.97214,9.976784,13.037063,9.966807,18.84302,False,0.11841678,normal,0.0
2012-01-17 06:00:00,12.0,11.027538,9.985567,13.979794,9.030425,17.018879,False,0.41044825,normal,0.0
2012-01-17 07:00:00,12.0,12.0037565,10.003131,14.004384,8.944538,14.004384,False,0.40291357,normal,0.0
2012-01-17 08:00:00,11.0,12.035374,10.029478,14.04127,10.029478,15.025927,False,0.8732737,normal,0.0
2012-01-17 09:00:00,11.0,12.035374,10.029478,14.04127,10.024245,14.046072,False,0.82641166,normal,0.0
2012-01-17 10:00:00,13.0,10.998443,10.038261,13.006095,10.038261,13.966275,False,2.206109,normal,0.0
2012-01-17 11:00:00,11.0,11.036932,9.985796,12.966207,9.980978,14.015151,False,0.3011487,normal,0.0
2012-01-17 12:00:00,12.0,10.958883,9.994502,14.0273695,9.994502,14.0273695,False,0.48053315,normal,0.0
2012-01-17 13:00:00,12.0,12.021399,10.003208,14.039589,9.998382,14.039589,False,0.24369007,normal,0.0
2012-01-17 14:00:00,13.0,10.997067,10.0293255,13.020529,8.968768,13.998397,False,2.0588286,normal,0.0
2012-01-17 15:00:00,9.0,11.025706,8.026714,14.024697,6.968246,21.068432,False,0.9238647,normal,0.0
2012-01-17 16:00:00,11.0,9.0047655,6.003177,25.957123,5.993025,36.019505,False,0.31787616,normal,0.0
2012-01-17 17:00:00,13.0,10.0103855,5.9973726,40.13013,3.986437,41.99091,False,0.25117645,normal,0.0
2012-01-17 18:00:00,18.0,9.958608,5.9927907,34.068592,5.9879436,41.949978,False,0.70010436,normal,0.0
2012-01-17 19:00:00,9.0,11.035253,6.003177,25.954914,5.026778,30.056093,False,0.5275319,normal,0.0
2012-01-17 20:00:00,21.0,8.040613,6.00837,24.082094,3.9664078,29.963663,False,2.503643,normal,0.0
2012-01-17 21:00:00,15.0,10.015884,5.9916453,21.015472,5.984044,29.958675,False,0.9388407,normal,0.0
2012-01-17 22:00:00,15.0,10.002749,6.037696,18.022972,6.037696,23.975515,False,1.3775579,normal,0.0
2012-01-17 23:00:00,16.0,12.97379,8.981855,21.980604,7.9788814,29.939518,False,0.54477227,normal,0.0
2012-01-18 00:00:00,13.0,14.007056,10.00504,20.035103,7.994028,24.022114,False,0.53095955,normal,0.0
2012-01-18 01:00:00,10.0,12.036291,10.030242,15.982287,9.017188,20.151669,True,1.4195641,low,0.005080936010926962
2012-01-18 02:00:00,10.0,12.02621,9.019657,15.032763,9.014647,16.034945,False,1.1676083,normal,0.0
2012-01-18 03:00:00,11.0,12.02621,10.021841,15.032763,9.014647,16.044975,False,0.7876712,normal,0.0
2012-01-18 04:00:00,10.0,11.005545,9.004537,13.031573,8.989529,15.007561,False,1.138515,normal,0.0
2012-01-18 05:00:00,12.0,10.987063,8.989416,12.984711,8.989416,13.988534,False,0.94579273,normal,0.0
2012-01-18 06:00:00,11.0,11.965726,9.971438,12.962869,9.966453,14.962148,False,0.51480955,normal,0.0
2012-01-18 07:00:00,12.0,11.040598,10.045134,13.031526,8.959173,14.03197,False,0.6699342,normal,0.0
2012-01-18 08:00:00,10.0,12.036061,10.045134,13.056421,10.045134,15.097638,True,1.1969613,low,0.014988131821155548
2012-01-18 09:00:00,12.0,12.00559,10.019703,13.991477,10.019703,13.991477,False,0.3464442,normal,0.0
2012-01-18 10:00:00,12.0,11.995433,9.9864235,13.97964,8.017098,14.971744,False,0.5426373,normal,0.0
2012-01-18 11:00:00,11.0,11.97512,9.003849,12.990314,9.003849,13.976244,False,0.370101,normal,0.0
2012-01-18 12:00:00,11.0,11.964962,9.985795,14.03409,8.006629,21.980923,False,0.49799684,normal,0.0
2012-01-18 13:00:00,12.0,10.966063,7.9998326,13.033435,7.994889,14.022178,False,0.78784364,normal,0.0
2012-01-18 14:00:00,11.0,9.960364,6.9744983,13.011288,6.012112,14.00329,False,0.56506187,normal,0.0
2012-01-18 15:00:00,10.0,10.041545,6.0069957,19.995676,6.004306,26.050686,False,0.13096704,normal,0.0
2012-01-18 16:00:00,9.0,8.958028,6.0018787,28.087915,5.0164957,36.021137,False,0.2613099,normal,0.0
2012-01-18 17:00:00,9.0,8.958028,6.0018787,30.009394,4.476774,37.982487,False,0.27824348,normal,0.0
2012-01-18 18:00:00,8.0,9.014388,6.0387645,28.141535,4.988545,40.00595,False,0.53813255,normal,0.0
2012-01-18 19:00:00,9.0,8.998656,4.979839,31.977993,4.0087705,36.00512,False,0.26536283,normal,0.0
2012-01-18 20:00:00,9.0,8.023582,4.9471493,21.018297,3.9917324,24.04377,False,0.023467062,normal,0.0
2012-01-18 21:00:00,8.0,8.016557,4.96678,14.052947,1.6603735e-07,22.055126,False,0.11205551,normal,0.0
2012-01-18 22:00:00,9.0,8.023582,6.017687,13.068873,4.001762,22.047913,False,0.069496594,normal,0.0
2012-01-18 23:00:00,12.0,9.006521,6.995357,11.979548,6.030872,18.02267,True,1.6931947,high,0.0041032820008695126
2012-01-19 00:00:00,9.0,9.985796,6.981298,16.053928,5.515838,24.010593,False,0.6744097,normal,0.0
2012-01-19 01:00:00,9.0,9.97709,7.0014668,14.002932,6.023449,16.040821,False,0.4432074,normal,0.0
2012-01-19 02:00:00,11.0,9.97709,7.964168,14.002932,7.0014668,14.995857,False,0.38847518,normal,0.0
2012-01-19 03:00:00,11.0,10.958883,7.978067,12.010936,6.9987817,12.980583,False,0.45172486,normal,0.0
2012-01-19 04:00:00,11.0,10.958883,9.03012,12.010936,7.963163,15.016763,False,0.18264018,normal,0.0
2012-01-19 05:00:00,12.0,10.958883,9.994502,12.035054,9.98968,13.944963,False,0.9885467,normal,0.0
2012-01-19 06:00:00,11.0,10.96843,10.003208,12.986621,10.003208,14.044419,False,0.42400625,normal,0.0
2012-01-19 07:00:00,11.0,10.96843,10.003208,12.986621,9.998382,12.986621,False,0.34676766,normal,0.0
2012-01-19 08:00:00,13.0,10.96843,10.003208,12.986621,9.998382,12.991891,True,2.1686838,high,0.0044844928197562695
2012-01-19 09:00:00,11.0,11.998373,10.020619,13.976127,10.020619,13.981406,False,0.6289528,normal,0.0
2012-01-19 10:00:00,11.0,12.031861,10.011914,13.9639845,10.006645,13.969259,False,0.98097664,normal,0.0
2012-01-19 11:00:00,12.0,12.042323,10.020619,13.976127,10.020619,15.030929,False,0.02854246,normal,0.0
2012-01-19 12:00:00,11.0,10.997067,10.0293255,13.020529,10.0293255,16.031544,False,0.41280797,normal,0.0
2012-01-19 13:00:00,12.0,12.042323,10.020619,13.976127,10.020619,14.0262785,False,0.30606216,normal,0.0
2012-01-19 14:00:00,11.0,11.975196,10.038033,13.031831,8.981397,14.020244,False,0.5819053,normal,0.0
2012-01-19 15:00:00,11.0,10.038033,8.012815,14.051061,6.9561796,24.010767,False,0.09979693,normal,0.0
2012-01-19 16:00:00,8.0,9.958608,6.9622126,15.008425,5.023369,20.98006,False,0.9278626,normal,0.0
2012-01-19 17:00:00,6.0,8.989186,5.9927907,26.134754,5.9879436,32.128456,False,0.81662416,normal,0.0
2012-01-19 18:00:00,8.0,7.981427,3.9907136,23.996353,3.0364127,38.018505,False,0.24119644,normal,0.0
2012-01-19 19:00:00,9.0,9.030425,5.010149,23.965359,3.9742556,36.05486,False,0.12633121,normal,0.0
2012-01-19 20:00:00,9.0,9.038367,5.996609,14.102905,3.9929597,16.111443,False,0.033872563,normal,0.0
2012-01-19 21:00:00,10.0,8.494471,5.9569645,13.027755,3.9824333,24.049793,False,0.50871366,normal,0.0
2012-01-19 22:00:00,9.0,9.976784,7.0271263,15.965024,5.98607,19.963554,False,0.6757253,normal,0.0
2012-01-19 23:00:00,9.0,10.003131,8.002504,14.961205,6.9587,14.966429,False,0.91092724,normal,0.0
2012-01-20 00:00:00,10.0,9.976784,7.981427,13.969667,5.9834676,15.972841,False,0.057243284,normal,0.0
2012-01-20 01:00:00,6.0,9.95922,7.9673753,12.037664,3.9836876,14.98733,True,2.8744032,low,0.48335012793540955
2012-01-20 02:00:00,8.0,8.018466,6.0354047,13.01923,4.9955907,15.047169,False,0.28500772,normal,0.0
2012-01-20 03:00:00,9.0,9.037069,6.0247126,11.963358,6.0247126,11.973696,False,0.048567925,normal,0.0
2012-01-20 04:00:00,10.0,8.996976,7.02621,11.995968,5.997984,11.995968,False,0.5720636,normal,0.0
2012-01-20 05:00:00,10.0,10.007332,8.040078,11.974585,7.0085535,13.006115,False,0.099737994,normal,0.0
2012-01-20 06:00:00,10.0,9.989461,8.964901,12.062069,8.015475,13.032886,False,0.37250584,normal,0.0
2012-01-20 07:00:00,9.0,9.962656,9.025996,12.006277,8.004185,12.011391,True,1.8198102,low,0.00872273463755846
2012-01-20 08:00:00,11.0,10.020772,7.982649,11.973973,6.958917,13.018112,False,0.68947464,normal,0.0
2012-01-20 09:00:00,9.0,11.029906,8.993616,12.981351,7.9754705,15.032503,False,1.4859078,normal,0.0
2012-01-20 10:00:00,10.0,10.980266,9.037604,11.993829,8.02404,13.007392,False,0.692665,normal,0.0
2012-01-20 11:00:00,10.0,10.032991,8.995968,11.97214,7.9994135,14.015856,False,0.31577557,normal,0.0
2012-01-20 12:00:00,10.0,10.005728,7.987766,12.023689,6.978785,12.028739,False,0.06868435,normal,0.0
2012-01-20 13:00:00,10.0,9.987553,8.980405,12.001848,8.980405,12.006889,False,0.2544949,normal,0.0
2012-01-20 14:00:00,9.0,10.034824,8.027859,12.04179,6.020895,12.056438,False,1.2670885,normal,0.0
2012-01-20 15:00:00,8.0,9.006598,6.0043993,12.008799,4.9986625,15.016006,False,0.6059302,normal,0.0
2012-01-20 16:00:00,11.0,6.985887,3.9919357,11.975807,2.9939518,15.014296,False,1.6272914,normal,0.0
2012-01-20 17:00:00,75.0,9.989003,5.9934025,20.002989,5.988408,23.983604,True,18.155672,high,1.0
2012-01-20 18:00:00,15.0,18.04069,7.959128,70.38976,7.9494,180.9375,False,0.391091,normal,0.0
2012-01-20 19:00:00,25.0,13.013196,7.981427,24.078768,5.98607,30.75524,True,0.8250185,high,0.05722884088754654
2012-01-20 20:00:00,19.0,16.001879,9.006521,32.003757,7.9475994,36.055843,False,0.26156944,normal,0.0
2012-01-20 21:00:00,17.0,17.98158,10.038261,26.974554,8.99079,28.0395,False,0.2265896,normal,0.0
2012-01-20 22:00:00,14.0,16.001879,9.006521,23.959097,7.957218,27.044512,False,0.63649917,normal,0.0
2012-01-20 23:00:00,15.0,13.040232,8.4761505,21.004398,7.964168,22.094479,False,0.46441808,normal,0.0
2012-01-21 00:00:00,11.0,12.983337,8.975059,18.037252,8.975059,21.024752,False,0.9742266,normal,0.0
2012-01-21 01:00:00,8.0,11.027538,7.9884534,15.976907,5.9913397,20.846725,False,0.33271712,normal,0.0
2012-01-21 02:00:00,6.0,10.0369625,7.9105973,12.97883,3.9801748,14.037058,True,2.361284,low,0.3769749701023102
2012-01-21 03:00:00,10.0,7.501146,5.000764,11.036168,1.9731463,22.75897,False,0.13935535,normal,0.0
2012-01-21 04:00:00,10.0,9.983809,8.004261,11.963358,3.0123565,14.028975,False,0.27044263,normal,0.0
2012-01-21 05:00:00,10.0,9.974952,7.971362,13.010442,6.019367,16.014116,False,0.020777648,normal,0.0
2012-01-21 06:00:00,10.0,9.966093,7.990057,12.028042,7.990057,12.978264,False,0.077487715,normal,0.0
2012-01-21 07:00:00,9.0,10.034137,8.979267,13.035802,7.96599,16.037466,False,1.1288699,normal,0.0
2012-01-21 08:00:00,11.0,10.007332,8.9574175,11.974585,8.029814,13.021097,False,0.6007858,normal,0.0
2012-01-21 09:00:00,10.0,10.007332,8.980939,11.974585,8.976234,14.032081,False,0.47977707,normal,0.0
2012-01-21 10:00:00,9.0,11.023872,8.97292,12.989369,8.022645,12.994502,False,1.6263885,normal,0.0
2012-01-21 11:00:00,10.0,9.962656,8.004185,12.006277,8.004185,13.028088,False,0.40496033,normal,0.0
2012-01-21 12:00:00,10.0,10.038795,8.992379,11.995509,7.9821186,14.037299,False,0.084478006,normal,0.0
2012-01-21 13:00:00,10.0,10.020772,7.982649,13.018521,5.0052905,20.041544,False,0.04869728,normal,0.0
2012-01-21 14:00:00,9.0,10.002749,6.018604,12.995107,4.996289,14.006836,False,0.5027949,normal,0.0
2012-01-21 15:00:00,7.0,9.037604,5.996915,14.020955,4.978284,17.066294,False,1.1451408,normal,0.0
2012-01-21 16:00:00,12.0,6.997801,3.96261,15.007332,1.6065314e-07,26.994661,False,1.2262151,normal,0.0
2012-01-21 17:00:00,45.0,11.982985,7.0041394,28.06721,5.991493,42.67863,True,2.4589293,high,0.8039088845252991
2012-01-21 18:00:00,38.0,17.018879,7.9884534,40.079044,7.0333123,48.027977,False,2.6397107,normal,0.0
2012-01-21 19:00:00,52.0,18.997053,9.012555,38.04493,8.035312,50.01084,True,4.0534754,high,0.480672687292099
2012-01-21 20:00:00,20.0,21.948315,8.980939,50.036655,7.9728737,50.036655,False,0.41294178,normal,0.0
2012-01-21 21:00:00,15.0,16.024025,8.973454,26.004704,7.9662294,35.995464,False,0.36075282,normal,0.0
2012-01-21 22:00:00,15.0,15.016801,9.980679,22.101755,8.973454,32.07784,False,0.009825745,normal,0.0
2012-01-21 23:00:00,12.0,14.009576,8.973454,19.961357,7.9662294,23.990253,False,0.57571626,normal,0.0
2012-01-22 00:00:00,6.0,11.042507,7.02705,14.99181,5.0193214,18.98216,True,2.1651466,low,0.12894925475120544
2012-01-22 01:00:00,6.0,6.985887,4.989919,11.975807,3.9869459,13.981764,False,0.8556002,normal,0.0
2012-01-22 02:00:00,8.0,7.95699,5.063539,11.0312805,3.9735217,13.020529,False,0.12812611,normal,0.0
2012-01-22 03:00:00,9.0,9.02676,7.027332,11.012647,5.9427676,12.00559,False,0.22412546,normal,0.0
2012-01-22 04:00:00,10.0,10.002749,8.986705,10.994014,8.01031,12.848067,False,0.052039694,normal,0.0
2012-01-22 05:00:00,9.0,10.002749,8.020223,11.985277,7.4723244,12.976541,False,1.1320128,normal,0.0
2012-01-22 06:00:00,10.0,8.988576,7.9998326,10.966063,7.006145,12.054588,False,0.56520706,normal,0.0
2012-01-22 07:00:00,9.0,9.968842,7.993036,10.958991,6.017229,12.039403,False,0.86298794,normal,0.0
2012-01-22 08:00:00,10.0,10.032991,8.958028,12.003757,6.987262,12.989141,False,0.40562505,normal,0.0
2012-01-22 09:00:00,10.0,10.032991,7.9726453,11.018374,6.987262,12.003757,False,0.3364909,normal,0.0
2012-01-22 10:00:00,9.0,10.015884,9.032182,10.999588,7.954133,11.983291,True,1.2185663,low,0.016357436776161194
2012-01-22 11:00:00,10.0,9.990225,9.009043,12.041789,8.017602,12.056521,False,0.0410534,normal,0.0
2012-01-22 12:00:00,10.0,9.981671,8.020987,12.031479,7.040643,13.011823,False,0.11737775,normal,0.0
2012-01-22 13:00:00,9.0,9.973118,8.014113,12.021169,7.029267,14.050589,False,0.4973759,normal,0.0
2012-01-22 14:00:00,10.0,7.9934936,6.0395284,16.011421,6.0395284,24.109303,False,0.4791005,normal,0.0
2012-01-22 15:00:00,8.0,7.986621,5.0559745,14.045367,3.9933105,18.044024,False,0.25507495,normal,0.0
2012-01-22 16:00:00,8.0,7.972874,6.023949,21.969698,4.956027,37.985497,False,0.30000895,normal,0.0
2012-01-22 17:00:00,56.0,9.028134,6.0187564,28.104511,4.951755,44.019707,True,8.006,high,1.0
2012-01-22 18:00:00,5.0,18.051687,8.012738,50.01054,6.994568,52.07685,True,1.4521139,low,0.07173561304807663
2012-01-22 19:00:00,8.0,5.971637,3.479627,18.032057,1.0055319,24.058424,False,0.20454367,normal,0.0
2012-01-22 20:00:00,20.0,8.995907,4.9569283,13.060138,4.9569283,21.954157,True,4.629783,high,0.8564336895942688
2012-01-22 21:00:00,20.0,12.968903,7.0402617,25.011456,3.9833062,30.043884,False,1.1300738,normal,0.0
2012-01-22 22:00:00,16.0,14.96823,8.045424,26.007301,4.953549,29.936928,False,0.0790688,normal,0.0
2012-01-22 23:00:00,19.0,14.018817,7.9973116,20.040323,6.957661,25.061728,False,1.5433965,normal,0.0
2012-01-23 00:00:00,13.0,14.003849,5.961098,22.992805,5.014892,28.007698,False,0.20831263,normal,0.0
2012-01-23 01:00:00,8.0,7.9737906,5.004977,14.99832,3.9821491,16.072437,False,0.26662362,normal,0.0
2012-01-23 02:00:00,8.0,7.9673753,5.0270348,11.002566,3.9836876,14.037757,False,0.19367728,normal,0.0
2012-01-23 03:00:00,9.0,8.988957,7.0019245,12.016816,6.9967203,12.968231,False,0.15991595,normal,0.0
2012-01-23 04:00:00,10.0,10.013595,8.029769,10.9842615,8.019378,12.00262,False,0.23176424,normal,0.0
2012-01-23 05:00:00,10.0,10.005499,8.967192,11.9877205,8.962472,11.992917,False,0.007932058,normal,0.0
2012-01-23 06:00:00,10.0,9.989309,9.046921,11.025935,8.010295,11.968323,False,0.0048222807,normal,0.0
2012-01-23 07:00:00,9.0,9.981214,9.039589,11.958624,9.03441,12.999594,True,1.3568642,low,0.013562330044806004
2012-01-23 08:00:00,10.0,9.965024,9.024927,12.033236,7.990821,12.037941,False,0.5009637,normal,0.0
2012-01-23 09:00:00,11.0,10.034519,8.977142,10.972324,7.9666576,12.00391,True,1.4960682,high,0.013871223665773869
2012-01-23 10:00:00,9.0,10.034519,8.977142,12.00391,7.971347,12.009073,False,0.9572075,normal,0.0
2012-01-23 11:00:00,10.0,10.018176,8.98827,10.98021,7.9583635,11.98436,False,0.039348118,normal,0.0
2012-01-23 12:00:00,10.0,10.001833,8.973607,11.030059,8.968933,11.975101,False,0.06566784,normal,0.0
2012-01-23 13:00:00,10.0,9.993662,8.942925,11.021047,8.027152,11.025722,False,0.36916372,normal,0.0
2012-01-23 14:00:00,10.0,9.044859,6.981792,12.028729,5.9528227,13.997163,False,0.4523588,normal,0.0
2012-01-23 15:00:00,6.0,8.012586,5.9628544,10.994013,5.9530716,44.802715,False,0.25632447,normal,0.0
2012-01-23 16:00:00,7.0,10.021078,6.0056877,20.13962,5.010539,52.073433,False,0.6412376,normal,0.0
2012-01-23 17:00:00,20.0,10.01283,5.006415,64.20033,3.98659,66.152405,False,0.032580074,normal,0.0
2012-01-23 18:00:00,2.0,17.490072,4.9703693,60.01955,4.9703693,60.11333,True,1.3109723,low,0.0539584681391716
2012-01-23 19:00:00,8.0,8.025721,1.9597694,26.144325,1.778244e-07,40.085262,False,0.20021465,normal,0.0
2012-01-23 20:00:00,14.0,13.986896,2.9582286,30.123144,1.9581655,33.971867,False,0.03218207,normal,0.0
2012-01-23 21:00:00,17.0,16.010355,5.99218,25.024382,4.962274,30.074675,False,0.22734196,normal,0.0
2012-01-23 22:00:00,15.0,16.007607,9.981214,24.01141,6.963309,26.01898,False,0.38613555,normal,0.0
2012-01-23 23:00:00,15.0,15.044675,8.988957,21.005774,6.9867854,21.972343,False,0.06424357,normal,0.0
2012-01-24 00:00:00,12.0,11.979931,5.0130305,19.96893,1.9866719,24.104904,False,0.08977148,normal,0.0
2012-01-24 01:00:00,6.0,7.99945,5.047272,11.999175,3.9797266,15.051351,False,0.9704926,normal,0.0
2012-01-24 02:00:00,8.0,7.047135,5.0210834,9.046997,3.515949,11.999175,False,0.7609885,normal,0.0
2012-01-24 03:00:00,9.0,9.046997,7.99945,11.04686,7.99945,12.019194,False,0.15660377,normal,0.0
2012-01-24 04:00:00,9.0,9.999313,9.046997,11.04686,7.9970694,11.04686,True,1.431336,low,0.02350013703107834
2012-01-24 05:00:00,11.0,9.991295,9.039742,11.038002,7.9930353,11.989553,False,2.0630178,normal,0.0
2012-01-24 06:00:00,9.0,9.999313,9.046997,11.04686,7.99945,11.999175,True,1.1373212,low,0.02350013703107834
2012-01-24 07:00:00,10.0,9.991295,9.039742,11.038002,7.9930353,11.232121,False,0.19192456,normal,0.0
2012-01-24 08:00:00,10.0,9.999313,9.046997,11.04686,7.99945,12.004418,False,0.05232842,normal,0.0
2012-01-24 09:00:00,10.0,9.991295,9.039742,11.038002,7.9882774,12.004793,False,0.16568078,normal,0.0
2012-01-24 10:00:00,9.0,9.999313,9.046997,11.04686,7.9946885,11.051626,True,1.037149,low,0.02350013703107834
2012-01-24 11:00:00,10.0,9.991295,9.039742,11.038002,7.9930353,11.038002,False,0.10711291,normal,0.0
2012-01-24 12:00:00,11.0,9.991295,9.039742,11.038002,7.983044,11.038002,False,2.0772228,normal,0.0
2012-01-24 13:00:00,9.0,9.999313,7.99945,11.999175,5.994826,13.999515,False,0.85720056,normal,0.0
2012-01-24 14:00:00,10.0,9.039742,7.041484,11.989553,5.9947767,13.081503,False,0.52405244,normal,0.0
2012-01-24 15:00:00,8.0,7.047135,3.987821,11.999175,1.8146238e-07,17.061699,False,0.46474427,normal,0.0
2012-01-24 16:00:00,7.0,7.99945,1.9998627,19.14634,1.8146238e-07,40.19257,False,0.41457006,normal,0.0
2012-01-24 17:00:00,2.0,9.017978,1.9934479,59.99565,1.9834807,60.088207,False,0.93204325,normal,0.0
2012-01-24 18:00:00,37.0,5.003666,1.7025741e-07,26.052588,1.7025741e-07,30.042118,True,4.76311,high,0.42020440101623535
2012-01-24 19:00:00,14.0,13.017473,2.0026884,37.962322,1.7345883e-07,39.987793,False,0.027718527,normal,0.0
2012-01-24 20:00:00,18.0,14.971744,7.010113,23.990866,2.97135,31.938074,False,0.6857372,normal,0.0
2012-01-24 21:00:00,14.0,17.031708,10.969233,23.00408,8.004903,24.977152,False,0.9000886,normal,0.0
2012-01-24 22:00:00,15.0,15.0109215,9.977319,20.067003,6.0223455,21.94247,False,0.16005175,normal,0.0
2012-01-24 23:00:00,15.0,15.023674,8.971473,21.075884,6.022514,29.977648,False,0.034516513,normal,0.0
2012-01-25 00:00:00,14.0,11.964962,6.0027223,17.027588,2.966501,18.99191,False,0.71787983,normal,0.0
2012-01-25 01:00:00,10.0,8.0270195,3.968414,14.996555,1.9819523,19.035313,False,0.4824728,normal,0.0
2012-01-25 02:00:00,8.0,8.040613,5.962702,11.021964,4.9589806,11.036885,False,0.15628754,normal,0.0
2012-01-25 03:00:00,9.0,8.959173,7.9637103,11.040598,7.958733,14.026988,False,0.040096194,normal,0.0
2012-01-25 04:00:00,9.0,10.036656,9.042033,11.0312805,8.856671,11.945892,True,0.9074899,low,0.021130191162228584
2012-01-25 05:00:00,10.0,10.02818,9.034397,11.021964,8.040613,11.021964,False,0.1739658,normal,0.0
2012-01-25 06:00:00,10.0,10.02818,9.034397,11.021964,8.040613,11.021964,False,0.54644066,normal,0.0
2012-01-25 07:00:00,10.0,10.02818,9.034397,11.021964,8.849644,12.015748,False,0.27896726,normal,0.0
2012-01-25 08:00:00,9.0,10.036656,9.042033,11.0312805,9.042033,12.025905,True,1.653024,low,0.021130191162228584
2012-01-25 09:00:00,10.0,10.019703,9.02676,11.012647,9.02676,11.012647,False,0.14674422,normal,0.0
2012-01-25 10:00:00,10.0,9.02676,9.02676,11.012647,8.033816,11.012647,False,0.807129,normal,0.0
2012-01-25 11:00:00,10.0,10.02818,9.034397,11.021964,9.034397,11.021964,False,0.5445749,normal,0.0
2012-01-25 12:00:00,9.0,10.02818,9.034397,11.021964,9.034397,12.025696,True,1.5983136,low,0.017306137830018997
2012-01-25 13:00:00,11.0,10.019703,8.033816,11.012647,8.0288515,12.045798,False,1.2077843,normal,0.0
2012-01-25 14:00:00,9.0,9.034397,5.951409,11.021964,3.970166,12.015748,False,0.0645467,normal,0.0
2012-01-25 15:00:00,8.0,8.040613,4.9689183,12.015748,2.976382,15.990882,False,0.027073316,normal,0.0
2012-01-25 16:00:00,6.0,6.962365,1.9643817,24.011137,1.7229468e-07,30.049417,False,0.41556382,normal,0.0
2012-01-25 17:00:00,8.0,6.027462,1.9791667,40.033142,0.98463553,44.071617,False,0.28990367,normal,0.0
2012-01-25 18:00:00,8.0,8.016557,1.9779984,42.049908,1.6603735e-07,54.034653,False,0.37601542,normal,0.0
2012-01-25 19:00:00,6.0,10.011761,2.0362904,30.084085,1.6167178e-07,35.99442,False,0.9186876,normal,0.0
2012-01-25 20:00:00,6.0,7.970583,2.033312,20.032198,2.033312,23.993488,False,0.7928326,normal,0.0
2012-01-25 21:00:00,6.0,8.026332,2.0065832,19.046495,1.9965503,22.021875,False,0.643637,normal,0.0
2012-01-25 22:00:00,8.0,5.9682007,3.023888,14.031247,1.9894003,18.024004,False,0.2832121,normal,0.0
2012-01-25 23:00:00,6.0,7.983184,4.90452,13.990332,1.9760357,18.071684,False,0.9217677,normal,0.0
2012-01-26 00:00:00,8.0,6.993906,5.0293255,12.046815,1.9547577,15.014505,False,0.27564174,normal,0.0
2012-01-26 01:00:00,6.0,8.031067,5.025322,11.967864,1.9683988,13.006406,False,1.0278,normal,0.0
2012-01-26 02:00:00,7.0,8.031067,5.983932,9.999465,4.0052977,11.0277605,False,0.65491074,normal,0.0
2012-01-26 03:00:00,9.0,8.023277,5.9781284,9.989767,5.0338197,11.017459,False,1.12225,normal,0.0
2012-01-26 04:00:00,10.0,8.967193,7.0007033,11.0123415,5.9734087,11.017459,False,0.99583906,normal,0.0
2012-01-26 05:00:00,10.0,9.989767,8.023277,11.0123415,8.013052,11.022183,False,0.5384782,normal,0.0
2012-01-26 06:00:00,9.0,9.999465,8.975898,11.023032,8.031067,11.032884,False,1.2592975,normal,0.0
2012-01-26 07:00:00,10.0,9.989767,8.943595,11.0123415,7.4651875,11.0123415,False,0.2717575,normal,0.0
2012-01-26 08:00:00,9.0,9.999465,8.975898,11.023032,8.031067,11.032884,False,1.100743,normal,0.0
2012-01-26 09:00:00,11.0,9.989767,8.967193,11.0123415,8.023277,11.0123415,False,1.9230938,normal,0.0
2012-01-26 10:00:00,9.0,9.999465,8.031067,11.023032,6.994902,11.972987,False,0.71128106,normal,0.0
2012-01-26 11:00:00,10.0,9.999465,8.975898,11.023032,8.9609375,11.774118,False,0.084477626,normal,0.0
2012-01-26 12:00:00,9.0,9.999465,8.031067,11.023032,5.983932,12.018304,False,0.66898453,normal,0.0
2012-01-26 13:00:00,10.0,9.989767,8.943595,11.0123415,8.013052,13.024105,False,0.070686236,normal,0.0
2012-01-26 14:00:00,10.0,8.975898,5.983932,11.023032,5.979208,11.023032,False,1.2574222,normal,0.0
2012-01-26 15:00:00,7.0,8.975898,5.0391006,12.070229,1.9683988,14.029974,False,0.8686752,normal,0.0
2012-01-26 16:00:00,6.0,8.023277,3.9860742,15.047586,1.9664898,20.087719,False,0.68693304,normal,0.0
2012-01-26 17:00:00,6.0,6.987109,1.9626712,23.944586,1.9626712,34.0135,False,0.4440078,normal,0.0
2012-01-26 18:00:00,7.0,7.020711,4.9798503,30.075178,2.9826822,36.074505,False,0.3214643,normal,0.0
2012-01-26 19:00:00,6.0,7.035068,4.015228,16.016006,2.0106077,19.982962,False,0.5164232,normal,0.0
2012-01-26 20:00:00,8.0,5.975074,5.004124,11.976296,2.0165875,18.070185,False,0.43468377,normal,0.0
2012-01-26 21:00:00,7.0,7.0083394,3.9836879,14.016679,1.9818848,18.010336,False,0.19579302,normal,0.0
2012-01-26 22:00:00,6.0,8.0057125,5.9678946,13.051139,5.9678946,17.996496,False,0.9150618,normal,0.0
2012-01-26 23:00:00,6.0,6.985506,5.9772882,12.026592,3.9410493,17.00071,False,0.8109905,normal,0.0
2012-01-27 00:00:00,6.0,7.03125,5.042614,10.014204,2.977983,17.039482,False,0.6185633,normal,0.0
2012-01-27 01:00:00,7.0,5.9914923,5.979157,9.022483,3.932534,9.027422,False,0.40439624,normal,0.0
2012-01-27 02:00:00,6.0,6.9707665,5.9850016,9.998472,4.999237,10.00834,False,1.0063416,normal,0.0
2012-01-27 03:00:00,9.0,8.009531,4.9638014,10.0031395,1.9623351,12.014296,False,0.44547933,normal,0.0
2012-01-27 04:00:00,10.0,8.993157,8.009531,11.030669,5.9720182,12.014296,False,0.7691777,normal,0.0
2012-01-27 05:00:00,10.0,9.976783,8.993157,11.030669,8.992806,11.030669,False,0.6506423,normal,0.0
2012-01-27 06:00:00,10.0,9.976783,8.993157,11.030669,8.993157,12.024141,False,0.4601467,normal,0.0
2012-01-27 07:00:00,9.0,9.976783,8.993157,11.030669,8.918331,11.030669,False,1.416102,normal,0.0
2012-01-27 08:00:00,10.0,9.976783,8.993157,11.030669,8.009531,11.035592,False,0.24679977,normal,0.0
2012-01-27 09:00:00,10.0,8.993157,8.993157,9.989082,8.988239,11.030669,True,0.93146545,high,0.01096232421696186
2012-01-27 10:00:00,10.0,9.9659395,8.983382,9.992268,8.981978,11.023597,True,0.6159154,high,0.007664283737540245
2012-01-27 11:00:00,9.0,9.976783,8.993157,11.030669,8.918331,11.030669,False,1.3816983,normal,0.0
2012-01-27 12:00:00,10.0,9.9659395,8.983382,11.01868,8.000825,11.093429,False,0.08722199,normal,0.0
2012-01-27 13:00:00,10.0,9.9659395,8.981627,12.001238,7.9706464,12.016342,False,0.42180717,normal,0.0
2012-01-27 14:00:00,10.0,9.9659395,8.000825,11.01868,7.013004,11.063289,False,0.3808461,normal,0.0
2012-01-27 15:00:00,6.0,8.000825,5.9655275,11.043253,4.9731445,12.001238,False,1.1132625,normal,0.0
2012-01-27 16:00:00,10.0,5.9655275,4.0004125,8.000825,1.9651151,9.048716,True,2.3852859,high,0.4997421205043793
2012-01-27 17:00:00,43.0,8.026943,1.97153,21.007364,1.9616723,35.98042,True,6.9573917,high,1.0
2012-01-27 18:00:00,31.0,17.031708,2.0207112,42.074097,2.0207112,42.083847,False,1.1261839,normal,0.0
2012-01-27 19:00:00,65.0,18.000671,5.998984,34.14177,2.0083396,36.011395,True,5.8468733,high,1.0
2012-01-27 20:00:00,10.0,21.022497,6.98191,60.077496,5.983932,161.09375,False,0.83856136,normal,0.0
2012-01-27 21:00:00,6.0,10.039101,6.039147,20.001732,2.9756522,34.03105,True,0.9820738,low,0.0028036998119205236
2012-01-27 22:00:00,7.0,6.983138,5.974462,11.043065,3.9474125,20.118517,False,0.23155592,normal,0.0
2012-01-27 23:00:00,13.0,7.005132,4.002933,12.008798,3.9979293,16.031765,True,3.1462119,high,0.12380950897932053
2012-01-28 00:00:00,12.0,9.987475,5.9924855,19.97495,3.9850032,41.87134,False,0.22224276,normal,0.0
2012-01-28 01:00:00,7.0,9.987475,5.9924855,21.89754,3.9850032,36.485226,False,0.40737504,normal,0.0
2012-01-28 02:00:00,9.0,7.9979224,5.9984417,9.997403,2.989224,14.0013685,False,0.8970339,normal,0.0
2012-01-28 03:00:00,10.0,9.006598,6.004399,12.008798,3.9929256,18.053265,False,0.31733438,normal,0.0
2012-01-28 04:00:00,11.0,10.01726,9.015533,12.020711,9.015533,12.749599,False,0.017690003,normal,0.0
2012-01-28 05:00:00,11.0,10.037115,9.033403,11.967329,9.033403,11.982399,False,1.1465652,normal,0.0
2012-01-28 06:00:00,10.0,10.037115,9.033403,11.967329,9.033403,12.971428,False,0.42692745,normal,0.0
2012-01-28 07:00:00,10.0,9.969758,8.9650545,10.9744625,8.9650545,10.9744625,False,0.010112086,normal,0.0
2012-01-28 08:00:00,11.0,9.969758,8.9650545,10.9744625,8.9650545,10.979491,True,2.0053463,high,0.012708956375718117
2012-01-28 09:00:00,10.0,9.9796095,8.973912,10.985306,8.963856,10.985306,False,0.12845333,normal,0.0
2012-01-28 10:00:00,11.0,9.9796095,8.973912,10.985306,8.973912,10.986855,True,1.3338543,high,0.007305485662072897
2012-01-28 11:00:00,11.0,9.999313,8.991631,11.006995,8.991631,11.006995,False,1.5021746,normal,0.0
2012-01-28 12:00:00,11.0,11.0178385,9.000488,12.026515,9.000488,12.026515,False,0.6961801,normal,0.0
2012-01-28 13:00:00,11.0,11.0178385,9.000488,12.026515,8.98303,13.044899,False,0.41154817,normal,0.0
2012-01-28 14:00:00,11.0,10.028868,6.996885,13.99377,5.971452,16.02015,False,0.55322605,normal,0.0
2012-01-28 15:00:00,7.0,8.01541,5.511568,14.058116,3.0299034,24.086348,False,0.5084756,normal,0.0
2012-01-28 16:00:00,9.0,6.996885,4.040701,22.051867,1.005608,28.048239,False,0.13510883,normal,0.0
2012-01-28 17:00:00,6.0,8.023277,2.0252934,30.042517,2.02023,44.089073,False,0.59312683,normal,0.0
2012-01-28 18:00:00,17.0,7.9765396,6.0215054,14.023471,6.0215054,36.032516,True,2.1017215,high,0.3719747066497803
2012-01-28 19:00:00,29.0,13.034579,5.9805717,33.9685,5.975588,156.875,False,0.8326572,normal,0.0
2012-01-28 20:00:00,16.0,12.995861,5.992103,32.10835,5.987045,34.04686,False,0.2138057,normal,0.0
2012-01-28 21:00:00,9.0,10.019015,5.980343,24.125263,4.033625,32.008823,False,0.55984694,normal,0.0
2012-01-28 22:00:00,19.0,8.9650545,6.028226,17.930109,6.028226,29.996616,True,2.4674726,high,0.08989257365465164
2012-01-28 23:00:00,28.0,11.0178385,5.974462,25.99473,5.9694185,31.977737,True,2.681841,high,0.10016199201345444
2012-01-29 00:00:00,7.0,13.987812,5.972324,34.02653,5.972324,38.04411,False,1.2138367,normal,0.0
2012-01-29 01:00:00,6.0,8.039009,6.0097446,13.0341215,6.0097446,14.073363,True,1.1760237,low,0.0013872608542442322
2012-01-29 02:00:00,6.0,8.007545,5.986223,10.028868,5.9663987,12.054859,False,1.4343327,normal,0.0
2012-01-29 03:00:00,9.0,9.000488,5.974462,11.0178385,5.9698067,13.971325,False,0.08112057,normal,0.0
2012-01-29 04:00:00,10.0,10.009164,9.000488,11.0178385,6.983138,11.0178385,False,0.0066288244,normal,0.0
2012-01-29 05:00:00,10.0,10.019015,9.009348,11.028684,9.009348,11.033737,False,0.3737229,normal,0.0
2012-01-29 06:00:00,9.0,10.019015,9.009348,11.028684,9.009348,11.028684,True,1.8287987,low,0.004629201255738735
2012-01-29 07:00:00,10.0,10.009164,9.000488,11.0178385,8.995445,11.0178385,False,0.5634746,normal,0.0
2012-01-29 08:00:00,10.0,10.009164,9.000488,11.0178385,9.000488,11.0178385,False,0.5153965,normal,0.0
2012-01-29 09:00:00,9.0,10.019015,9.009348,11.028684,9.009348,11.028684,True,1.7330852,low,0.004629201255738735
2012-01-29 10:00:00,10.0,10.009164,9.000488,11.0178385,9.000488,11.0178385,False,0.07429251,normal,0.0
2012-01-29 11:00:00,11.0,9.776393,9.000488,11.0178385,9.000488,11.0178385,False,2.5644455,normal,0.0
2012-01-29 12:00:00,10.0,10.019015,9.009348,11.028684,8.999251,11.038402,False,0.16238378,normal,0.0
2012-01-29 13:00:00,9.0,10.028868,9.018207,10.961785,9.0081,10.967233,True,1.9537563,low,0.009367558173835278
2012-01-29 14:00:00,10.0,10.009164,6.983138,11.0178385,5.974462,11.949312,False,0.46762416,normal,0.0
2012-01-29 15:00:00,7.0,6.990011,5.980343,10.019015,4.0382853,14.072461,False,0.18067291,normal,0.0
2012-01-29 16:00:00,18.0,6.983138,5.974462,19.009651,4.0296583,22.085382,False,3.0672436,normal,0.0
2012-01-29 17:00:00,45.0,18.998655,5.96652,42.150375,5.96652,47.967678,True,2.339612,high,0.07875403016805649
2012-01-29 18:00:00,6.0,30.011684,6.9701934,54.00477,6.018604,55.977097,True,1.6748018,low,0.020627237856388092
2012-01-29 19:00:00,10.0,8.036795,5.9829473,36.0905,5.033144,38.04209,False,0.019021386,normal,0.0
2012-01-29 20:00:00,10.0,7.007728,6.029906,22.025461,3.9878867,29.008734,False,0.12836665,normal,0.0
2012-01-29 21:00:00,19.0,8.015488,5.9461837,30.017183,3.0262556,34.044575,False,1.7006915,normal,0.0
2012-01-29 22:00:00,18.0,10.016801,5.935576,27.982887,3.9686403,30.99624,False,0.89994967,normal,0.0
2012-01-29 23:00:00,19.0,11.028226,6.015396,31.998562,6.015396,33.940636,False,0.89148545,normal,0.0
2012-01-30 00:00:00,13.0,12.004673,6.0023375,25.047085,4.4780817,27.992882,False,0.029759057,normal,0.0
2012-01-30 01:00:00,10.0,7.982649,6.029448,17.009846,5.010386,19.966824,False,0.2391024,normal,0.0
2012-01-30 02:00:00,9.0,9.971591,5.965909,13.039773,5.950994,13.977273,False,0.43565366,normal,0.0
2012-01-30 03:00:00,11.0,9.989461,7.001161,11.014021,5.9616585,12.977761,False,0.98875517,normal,0.0
2012-01-30 04:00:00,11.0,11.033725,8.980939,12.167041,8.980939,14.037217,False,0.3794535,normal,0.0
2012-01-30 05:00:00,12.0,10.957967,8.988957,10.957967,8.988957,11.985275,True,2.4392362,high,0.5292167067527771
2012-01-30 06:00:00,11.0,10.977517,9.004995,13.035802,7.9758525,13.035802,False,0.17035906,normal,0.0
2012-01-30 07:00:00,11.0,10.997067,9.021032,12.028042,9.021032,12.028042,False,0.4176941,normal,0.0
2012-01-30 08:00:00,11.0,11.006843,9.029052,12.038734,9.029052,12.038734,False,0.41171908,normal,0.0
2012-01-30 09:00:00,12.0,11.026393,8.958944,11.973973,8.958944,11.973973,True,1.8378539,high,0.008632327429950237
2012-01-30 10:00:00,12.0,11.036168,10.001528,11.984589,9.996355,13.023976,True,1.0632303,high,0.0077715059742331505
2012-01-30 11:00:00,12.0,12.016435,10.028104,12.016435,10.028104,12.021194,False,0.7735508,normal,0.0
2012-01-30 12:00:00,11.0,12.037664,9.95922,12.037664,9.95922,12.990286,False,1.1355257,normal,0.0
2012-01-30 13:00:00,12.0,11.017839,9.976784,11.97214,9.022483,12.063671,True,1.2609645,high,0.01396225392818451
2012-01-30 14:00:00,11.0,11.037238,7.0394983,11.993218,5.9866147,13.070905,False,0.4384872,normal,0.0
2012-01-30 15:00:00,9.0,10.003131,6.0018783,20.793467,5.991875,23.95057,False,0.31513068,normal,0.0
2012-01-30 16:00:00,20.0,10.020697,6.012418,23.962534,6.002397,27.017109,False,2.0264177,normal,0.0
2012-01-30 17:00:00,45.0,21.963205,5.997984,43.928616,5.027722,51.95357,True,1.8373133,high,0.028245888650417328
2012-01-30 18:00:00,6.0,15.957203,6.0181456,39.98877,5.015121,44.061504,True,1.1368159,low,0.00053415447473526
2012-01-30 19:00:00,8.0,9.019657,6.013105,25.967958,2.9915197,30.992104,False,0.45943353,normal,0.0
2012-01-30 20:00:00,8.0,8.030914,5.0193214,28.01694,4.010438,32.072132,False,0.44784996,normal,0.0
2012-01-30 21:00:00,6.0,9.034779,6.0231857,28.042046,5.0143023,33.948864,True,0.95059794,low,0.0010529940482228994
2012-01-30 22:00:00,6.0,8.024194,6.004468,26.037613,4.007082,39.9386,True,0.65849334,low,0.0002230285608675331
2012-01-30 23:00:00,10.0,7.021169,5.015121,19.97158,4.007082,32.03571,False,0.23008744,normal,0.0
2012-01-31 00:00:00,8.0,8.965971,6.0383067,20.953384,6.0378494,31.929832,False,0.34718677,normal,0.0
2012-01-31 01:00:00,9.0,5.956745,5.956745,10.997067,4.4881783,13.048054,False,1.3087643,normal,0.0
2012-01-31 02:00:00,9.0,8.995907,5.966673,12.025141,5.966673,18.021677,False,0.04196566,normal,0.0
2012-01-31 03:00:00,10.0,10.030623,8.006094,11.042889,6.9938293,11.96359,False,0.36779118,normal,0.0
2012-01-31 04:00:00,11.0,10.038948,9.025844,11.973057,8.012738,11.993339,False,1.1118824,normal,0.0
2012-01-31 05:00:00,11.0,10.969041,9.033328,11.9829855,9.028258,13.012155,False,0.24081811,normal,0.0
2012-01-31 06:00:00,11.0,10.9781275,9.963343,11.992912,9.035738,11.992912,False,0.23157729,normal,0.0
2012-01-31 07:00:00,11.0,10.987216,9.971591,12.002841,9.966513,12.007924,False,0.048652347,normal,0.0
2012-01-31 08:00:00,10.0,11.005391,9.988087,12.0226965,8.970781,12.027788,False,1.6649364,normal,0.0
2012-01-31 09:00:00,10.0,11.005391,8.970781,12.0226965,8.970781,12.027788,False,0.85788023,normal,0.0
2012-01-31 10:00:00,11.0,11.005391,8.970781,11.005391,8.970781,12.0226965,False,0.8057749,normal,0.0
2012-01-31 11:00:00,11.0,11.01448,8.978189,12.032624,8.973099,12.983226,False,0.25569,normal,0.0
2012-01-31 12:00:00,11.0,11.032655,9.987334,11.959768,8.993005,11.959768,False,0.2881405,normal,0.0
2012-01-31 13:00:00,11.0,11.041743,9.724157,11.969621,7.9746437,13.000503,False,0.16507755,normal,0.0
2012-01-31 14:00:00,11.0,10.957967,7.9607773,18.01564,6.0361686,21.915934,False,0.12132853,normal,0.0
2012-01-31 15:00:00,8.0,9.991102,6.0411325,20.147202,6.0360208,27.99509,False,0.57277954,normal,0.0
2012-01-31 16:00:00,7.0,9.960977,5.957967,29.093979,5.957967,44.05267,False,0.76751244,normal,0.0
2012-01-31 17:00:00,33.0,9.007821,5.014663,29.995115,2.956794,40.02444,True,2.9200118,high,0.12028943747282028
2012-01-31 18:00:00,6.0,10.499451,5.961201,44.049347,4.973424,52.03721,False,0.90462613,normal,0.0
2012-01-31 19:00:00,8.0,7.0349154,6.0428123,25.977327,5.045297,32.048126,False,0.33705002,normal,0.0
2012-01-31 20:00:00,6.0,7.9829545,4.9786167,20.04968,4.034396,28.07855,False,0.73174465,normal,0.0
2012-01-31 21:00:00,5.0,7.0136857,5.9872923,22.033255,4.0149074,27.073298,True,0.8009612,low,0.0615290068089962
2012-01-31 22:00:00,7.0,7.0074234,4.01645,19.996794,2.985846,24.02821,False,0.25575548,normal,0.0
2012-01-31 23:00:00,11.0,8.0329,5.0419264,23.929922,5.0342355,31.961113,False,0.42976636,normal,0.0
2012-02-01 00:00:00,7.0,9.042187,5.971255,18.02467,4.518534,19.976423,False,0.74542576,normal,0.0
2012-02-01 01:00:00,10.0,6.9635878,5.010386,10.020772,3.9913244,11.049608,False,1.7488556,normal,0.0
2012-02-01 02:00:00,8.0,9.962656,6.982374,10.984467,6.9772654,12.10123,False,1.4136529,normal,0.0
2012-02-01 03:00:00,11.0,10.038795,7.9970064,10.974615,6.9761124,12.015521,True,1.1233876,high,0.008525262586772442
2012-02-01 04:00:00,10.0,10.984467,9.025996,12.031832,9.025996,13.028088,False,1.2401664,normal,0.0
2012-02-01 05:00:00,11.0,10.974615,9.017901,11.995509,9.017901,12.045326,False,0.3292172,normal,0.0
2012-02-01 06:00:00,11.0,10.974615,10.038795,11.995509,9.949042,11.995509,False,0.3002658,normal,0.0
2012-02-01 07:00:00,11.0,10.984467,9.962656,12.006277,9.025996,12.011391,False,0.24704684,normal,0.0
2012-02-01 08:00:00,11.0,10.994318,9.971591,12.017045,9.971591,12.021311,False,0.29370666,normal,0.0
2012-02-01 09:00:00,11.0,10.994318,9.971591,12.017045,9.966904,12.017045,False,0.01912791,normal,0.0
2012-02-01 10:00:00,12.0,11.004169,9.980527,12.027813,9.980527,12.027813,False,1.6998345,normal,0.0
2012-02-01 11:00:00,10.0,11.014021,9.989461,12.038581,9.989461,12.043282,False,2.4158463,normal,0.0
2012-02-01 12:00:00,12.0,11.004169,9.042187,12.027813,7.9933777,12.966154,False,1.1064427,normal,0.0
2012-02-01 13:00:00,10.0,11.014021,9.989461,12.038581,8.960205,12.977761,False,1.4225708,normal,0.0
2012-02-01 14:00:00,10.0,9.980527,6.9948993,16.088285,5.971255,22.112856,False,0.27075782,normal,0.0
2012-02-01 15:00:00,10.0,8.011364,5.965909,21.074583,5.537216,22.093485,False,0.33530137,normal,0.0
2012-02-01 16:00:00,6.0,8.0329,5.03979,34.01164,2.9909735,40.01369,False,0.66744226,normal,0.0
2012-02-01 17:00:00,5.0,13.508523,5.028409,35.96804,5.0232954,38.011364,True,1.0934908,low,0.0009182075154967606
2012-02-01 18:00:00,6.0,5.960563,4.0020924,35.933678,2.9802818,38.01225,False,0.4481439,normal,0.0
2012-02-01 19:00:00,6.0,5.9860706,3.96261,17.958212,3.454637,21.921242,False,0.16473565,normal,0.0
2012-02-01 20:00:00,6.0,6.0264697,5.0296254,12.961037,4.037322,19.998405,False,0.24372934,normal,0.0
2012-02-01 21:00:00,6.0,5.970721,4.4862194,14.010755,3.020939,17.993952,False,0.062301237,normal,0.0
2012-02-01 22:00:00,5.0,6.0355573,4.975257,12.01403,3.9965177,17.061068,False,0.8054046,normal,0.0
2012-02-01 23:00:00,8.0,7.002841,4.9905305,13.212896,4.5051613,38.072918,False,0.042922825,normal,0.0
2012-02-02 00:00:00,4.0,7.0278897,4.974798,10.028562,4.022085,10.033304,True,2.1467447,low,0.19288556277751923
2012-02-02 01:00:00,6.0,7.0074997,4.0155334,9.999465,2.991966,18.060482,False,0.589567,normal,0.0
2012-02-02 02:00:00,4.0,5.983932,4.0155334,9.999465,2.986848,11.0277605,True,1.5568109,low,0.002595859346911311
2012-02-02 03:00:00,9.0,5.972324,3.9822042,9.980068,2.986162,11.001649,False,1.796234,normal,0.0
2012-02-02 04:00:00,8.0,9.037069,4.007744,12.0232315,4.007744,19.021856,False,0.3217123,normal,0.0
2012-02-02 05:00:00,9.0,9.0195055,5.4783688,10.980267,5.0144525,13.024563,False,0.051206708,normal,0.0
2012-02-02 06:00:00,9.0,9.010722,6.033266,10.969575,5.0095696,10.969575,False,0.17592455,normal,0.0
2012-02-02 07:00:00,9.0,9.010722,6.973516,10.969575,6.971165,10.969575,False,0.0011526081,normal,0.0
2012-02-02 08:00:00,9.0,9.00194,7.9843287,11.03716,6.962022,11.03716,False,0.18609071,normal,0.0
2012-02-02 09:00:00,9.0,8.993158,7.9765396,11.026393,7.0381236,11.026393,False,0.32543734,normal,0.0
2012-02-02 10:00:00,9.0,8.993158,8.993158,11.026393,7.9765396,11.026393,False,0.51216364,normal,0.0
2012-02-02 11:00:00,9.0,8.984375,7.96875,11.015625,7.026172,11.015625,False,0.23509903,normal,0.0
2012-02-02 12:00:00,9.0,8.966811,8.031143,9.98045,7.017504,10.994089,False,0.08752986,normal,0.0
2012-02-02 13:00:00,9.0,9.035924,7.0106306,9.9706745,7.0106306,10.983321,False,0.016947238,normal,0.0
2012-02-02 14:00:00,9.0,9.035924,6.9853144,9.972623,4.9853373,10.993458,False,0.108382076,normal,0.0
2012-02-02 15:00:00,4.0,8.01541,4.04467,10.038718,2.0233078,12.004459,True,2.2657094,low,0.007452408783137798
2012-02-02 16:00:00,6.0,5.974462,2.017351,20.068779,1.4784746e-07,32.027832,False,0.22041774,normal,0.0
2012-02-02 17:00:00,7.0,5.9805717,1.993524,36.036777,0.9917783,42.032314,False,0.26127577,normal,0.0
2012-02-02 18:00:00,6.0,5.975532,3.9836879,20.977076,3.4650705,28.083202,False,0.17819968,normal,0.0
2012-02-02 19:00:00,6.0,5.975532,3.9707778,14.116307,1.991844,24.016144,False,0.16354516,normal,0.0
2012-02-02 20:00:00,5.0,6.024255,3.9671922,8.007851,3.0121274,9.036382,False,0.75805885,normal,0.0
2012-02-02 21:00:00,8.0,4.969758,4.019657,7.96623,2.991356,9.009534,True,1.9394094,high,0.008556811138987541
2012-02-02 22:00:00,4.0,7.007729,3.9734545,13.94502,3.9637015,17.01256,False,1.1252024,normal,0.0
2012-02-02 23:00:00,10.0,7.9716516,3.985826,12.053574,3.985826,14.111335,False,0.89091736,normal,0.0
2012-02-03 00:00:00,6.0,6.978327,4.0178246,10.99615,3.0309906,11.992863,False,0.4784953,normal,0.0
2012-02-03 01:00:00,2.0,7.9747076,3.9873538,10.00336,3.9824572,10.98271,True,3.9908147,low,0.3303443193435669
2012-02-03 02:00:00,5.0,7.0036044,2.010936,11.0254755,0.9659428,12.006337,False,0.6756916,normal,0.0
2012-02-03 03:00:00,8.0,8.008309,2.0020776,10.976906,1.9920672,13.003861,False,0.24683885,normal,0.0
2012-02-03 04:00:00,8.0,7.9817333,3.9908667,9.977167,1.9954334,11.0543995,False,0.08237296,normal,0.0
2012-02-03 05:00:00,8.0,8.983841,6.969334,10.012526,1.9887893,12.001313,False,0.58345985,normal,0.0
2012-02-03 06:00:00,9.0,7.987995,7.0321665,9.967926,4.5036592,10.516504,False,0.6955662,normal,0.0
2012-02-03 07:00:00,8.0,8.991936,7.970125,10.013747,5.994624,10.972551,False,1.2521394,normal,0.0
2012-02-03 08:00:00,8.0,9.029586,8.011211,9.980068,6.957873,11.003539,True,0.59926426,low,0.005694365128874779
2012-02-03 09:00:00,9.0,7.9841766,6.9692388,10.014052,6.0168896,10.019132,False,0.88393366,normal,0.0
2012-02-03 10:00:00,8.0,8.968643,7.0130744,9.9801445,6.0015736,10.991646,False,0.9156101,normal,0.0
2012-02-03 11:00:00,7.0,8.995143,6.9813046,11.008982,6.97627,12.015901,False,2.0290883,normal,0.0
2012-02-03 12:00:00,8.0,8.009531,6.0071487,10.011914,3.9997602,11.013105,False,0.09756737,normal,0.0
2012-02-03 13:00:00,7.0,7.9820385,4.9887743,9.004746,3.9860308,12.003019,False,0.6251575,normal,0.0
2012-02-03 14:00:00,7.0,7.506338,5.026271,8.994379,3.9581883,9.991371,False,0.37166038,normal,0.0
2012-02-03 15:00:00,4.0,5.9905,1.9748902,9.04336,0.98250794,10.993555,False,0.7763905,normal,0.0
2012-02-03 16:00:00,7.0,6.0211997,2.0288825,20.063066,2.018738,28.026144,False,0.16216178,normal,0.0
2012-02-03 17:00:00,19.0,5.027493,3.0293868,32.085735,1.9981062,36.63832,False,1.1966575,normal,0.0
2012-02-03 18:00:00,61.0,5.997067,1.9990225,24.0367,0.99451375,30.025356,True,9.191404,high,1.0
2012-02-03 19:00:00,7.0,7.000321,2.0000918,136.40625,1.2703822e-07,136.40625,False,0.43137366,normal,0.0
2012-02-03 20:00:00,2.0,6.992302,2.996701,11.012885,1.9978006,22.152388,True,1.4446456,low,0.12433607876300812
2012-02-03 21:00:00,2.0,6.0182977,1.9840543,18.013567,0.9870671,27.975163,False,1.0359871,normal,0.0
2012-02-03 22:00:00,5.0,3.0281649,0.9874452,14.071111,1.2543751e-07,24.516169,False,0.009238159,normal,0.0
2012-02-03 23:00:00,14.0,5.9835505,1.9725991,18.039425,0.98629963,24.060177,False,1.8610095,normal,0.0
2012-02-04 00:00:00,9.0,7.9931116,1.9817634,24.142868,1.2587407e-07,33.54052,False,0.017898835,normal,0.0
2012-02-04 01:00:00,4.0,8.002352,1.9840543,16.004704,1.2601959e-07,20.052914,False,1.1909512,normal,0.0
2012-02-04 02:00:00,6.0,5.9835505,1.9725991,12.978067,1.2529199e-07,28.478605,False,0.103313126,normal,0.0
2012-02-04 03:00:00,9.0,7.993952,2.03125,11.008064,2.0210938,12.0509405,False,0.4620723,normal,0.0
2012-02-04 04:00:00,9.0,8.999075,6.0211997,10.9952345,4.969126,11.987106,False,0.3500158,normal,0.0
2012-02-04 05:00:00,9.0,9.010722,6.9865746,10.995703,6.9816775,12.0241,False,0.21519187,normal,0.0
2012-02-04 06:00:00,9.0,8.989645,8.012509,11.033495,6.9653463,14.025495,False,0.23888282,normal,0.0
2012-02-04 07:00:00,10.0,8.968566,7.9937224,10.03278,7.0188785,10.983245,False,1.510712,normal,0.0
2012-02-04 08:00:00,8.0,9.99664,7.9843297,10.970339,7.010631,12.008951,False,1.8879718,normal,0.0
2012-02-04 09:00:00,9.0,9.00171,6.994135,11.009286,6.022727,11.009286,False,0.17698798,normal,0.0
2012-02-04 10:00:00,9.0,8.991096,6.9858875,10.9963045,6.0055995,12.041286,False,0.3366881,normal,0.0
2012-02-04 11:00:00,10.0,8.969865,6.9693913,10.002367,6.9445467,10.975506,False,1.3986769,normal,0.0
2012-02-04 12:00:00,8.0,9.023705,7.025599,11.0218115,5.984328,17.983276,False,0.84363467,normal,0.0
2012-02-04 13:00:00,9.0,8.991631,7.0006266,12.010249,5.0044847,16.056482,False,0.033186205,normal,0.0
2012-02-04 14:00:00,9.0,8.009149,6.0228796,9.995418,3.9725378,12.021771,False,0.61122465,normal,0.0
2012-02-04 15:00:00,6.0,7.03125,4.0269885,12.066602,3.0042613,28.036829,False,0.32531774,normal,0.0
2012-02-04 16:00:00,5.0,5.9941654,2.9715755,16.005697,1.9767994,30.044489,False,0.5964028,normal,0.0
2012-02-04 17:00:00,22.0,5.979808,1.9720644,28.092413,1.9622041,42.049503,False,2.0162878,normal,0.0
2012-02-04 18:00:00,2.0,21.971224,2.008798,67.599754,2.008798,128.4375,True,1.0743515,low,0.00013413256965577602
2012-02-04 19:00:00,7.0,2.9985337,0.9745234,10.020108,1.1903466e-07,18.083687,False,0.9139536,normal,0.0
2012-02-04 20:00:00,2.0,4.9914474,1.9965789,8.984605,0.9982895,9.992886,False,1.4722478,normal,0.0
2012-02-04 21:00:00,2.0,5.0290966,1.9868037,11.014351,1.1830707e-07,18.005407,False,0.98275477,normal,0.0
2012-02-04 22:00:00,2.0,5.010539,1.9794723,20.029802,0.9897362,22.031225,False,0.9283972,normal,0.0
2012-02-04 23:00:00,13.0,6.0247135,0.959036,18.997826,1.17142925e-07,22.018799,False,1.2082909,normal,0.0
2012-02-05 00:00:00,12.0,5.978052,1.9721409,13.989873,0.98114014,22.021746,False,1.4942517,normal,0.0
2012-02-05 01:00:00,8.0,6.0150905,1.9843597,12.054994,1.9843597,14.034403,False,0.6191748,normal,0.0
2012-02-05 02:00:00,6.0,7.979747,1.9794723,12.000549,1.9794723,13.989928,False,0.593114,normal,0.0
2012-02-05 03:00:00,9.0,9.009043,4.9981675,13.0199175,4.010875,14.00721,False,0.12289735,normal,0.0
2012-02-05 04:00:00,9.0,8.986743,7.0170455,11.0426235,5.9607954,13.982703,False,0.19551726,normal,0.0
2012-02-05 05:00:00,10.0,8.975594,7.9919662,11.004323,7.00834,11.004323,False,1.3110933,normal,0.0
2012-02-05 06:00:00,10.0,10.008248,7.982038,12.083596,7.977126,14.019241,False,0.15216881,normal,0.0
2012-02-05 07:00:00,9.0,9.9958,7.97211,12.019489,6.9909277,13.987071,False,0.8503285,normal,0.0
2012-02-05 08:00:00,11.0,8.992165,8.013426,11.010815,8.01312,11.9944515,False,1.8847809,normal,0.0
2012-02-05 09:00:00,10.0,9.970904,8.013426,11.989553,8.008226,12.029353,False,0.028681569,normal,0.0
2012-02-05 10:00:00,9.0,10.01955,8.003422,11.974585,7.020711,11.984675,False,1.0306193,normal,0.0
2012-02-05 11:00:00,10.0,9.981977,7.9734087,11.990545,6.999557,14.019219,False,0.3501296,normal,0.0
2012-02-05 12:00:00,11.0,9.008125,7.9734087,11.016694,7.9734087,11.990545,False,1.7007676,normal,0.0
2012-02-05 13:00:00,9.0,10.030243,8.024194,11.002872,6.985912,11.975502,False,0.9373889,normal,0.0
2012-02-05 14:00:00,8.0,8.985521,6.9819927,12.045464,6.005424,14.034422,False,0.9798831,normal,0.0
2012-02-05 15:00:00,8.0,5.9954643,3.9969761,11.021964,1.9984881,15.99821,False,0.6622071,normal,0.0
2012-02-05 16:00:00,11.0,7.0072703,2.9947016,22.038185,1.9834803,28.447266,False,0.2912011,normal,0.0
2012-02-05 17:00:00,45.0,6.990775,2.0060484,28.02389,2.0008814,52.458218,True,2.868523,high,0.6524795293807983
2012-02-05 18:00:00,4.0,7.022849,1.9791666,26.03404,1.016398,30.036757,False,0.71181554,normal,0.0
2012-02-05 19:00:00,10.0,5.031616,1.9744319,13.018521,1.9645597,20.082539,False,1.4304749,normal,0.0
2012-02-05 20:00:00,6.0,4.991752,1.9839016,11.007454,1.9739821,12.041333,False,0.20097665,normal,0.0
2012-02-05 21:00:00,4.0,6.015702,1.9839016,10.009112,1.9791019,12.041333,False,0.79657614,normal,0.0
2012-02-05 22:00:00,7.0,6.0013437,1.9791666,13.024193,1.9791666,19.025537,False,0.3794267,normal,0.0
2012-02-05 23:00:00,14.0,12.511379,5.966104,24.110823,1.9839016,27.966614,False,0.2685006,normal,0.0
2012-02-06 00:00:00,14.0,9.023705,1.9981062,13.986743,1.9981062,15.032863,True,1.6860365,high,0.0011057992232963443
2012-02-06 01:00:00,11.0,7.5001526,2.0217803,12.000244,2.0217803,14.0318165,False,1.3649607,normal,0.0
2012-02-06 02:00:00,9.0,8.003269,4.0016346,13.97292,3.012378,13.992949,False,0.18592823,normal,0.0
2012-02-06 03:00:00,10.0,10.0293255,7.983871,13.988271,4.019648,15.058848,False,0.017165568,normal,0.0
2012-02-06 04:00:00,11.0,9.974875,7.9931116,12.022697,7.9931116,14.004461,False,1.1385146,normal,0.0
2012-02-06 05:00:00,11.0,10.00947,8.020834,11.998107,8.020834,12.992425,False,0.75697154,normal,0.0
2012-02-06 06:00:00,11.0,11.029142,8.969483,12.025752,8.9645,12.03074,False,0.41227418,normal,0.0
2012-02-06 07:00:00,11.0,10.987904,8.990103,11.986804,8.985108,12.791923,False,0.39920092,normal,0.0
2012-02-06 08:00:00,11.0,11.013105,9.010722,12.0142975,9.010722,13.015489,False,0.34898782,normal,0.0
2012-02-06 09:00:00,12.0,10.971408,9.031342,11.974891,9.021307,11.979913,True,1.8952191,high,0.008530274964869022
2012-02-06 10:00:00,11.0,11.008982,8.995143,13.048,7.988224,20.591394,False,0.09260382,normal,0.0
2012-02-06 11:00:00,11.0,10.966749,9.999589,11.97596,9.01561,13.057163,False,0.37928104,normal,0.0
2012-02-06 12:00:00,11.0,10.991646,9.9801445,12.003147,8.968643,12.008209,False,0.18225367,normal,0.0
2012-02-06 13:00:00,12.0,11.0165415,8.988957,12.030334,8.988957,14.00048,False,1.253452,normal,0.0
2012-02-06 14:00:00,10.0,10.00275,8.002199,13.020528,5.0132427,13.979784,False,0.19326082,normal,0.0
2012-02-06 15:00:00,9.0,9.029586,5.974463,15.027819,2.9821396,19.960476,False,0.297253,normal,0.0
2012-02-06 16:00:00,7.0,12.016129,4.983963,32.119286,1.9799305,47.996243,False,0.9081396,normal,0.0
2012-02-06 17:00:00,21.0,15.0369625,4.0070086,48.097794,1.9821453,49.973988,False,0.37220192,normal,0.0
2012-02-06 18:00:00,6.0,7.0113177,2.013151,41.99849,2.013151,43.972446,False,0.5066979,normal,0.0
2012-02-06 19:00:00,4.0,5.970033,2.013151,14.097288,2.013151,19.035744,False,0.7885358,normal,0.0
2012-02-06 20:00:00,8.0,4.0174427,2.0087216,11.983062,0.96487904,18.989008,False,1.1007507,normal,0.0
2012-02-06 21:00:00,6.0,5.0036664,2.0153656,10.980267,2.0153656,13.069649,False,0.25516197,normal,0.0
2012-02-06 22:00:00,6.0,6.032808,2.9574628,14.031487,2.010936,18.033937,False,0.4397193,normal,0.0
2012-02-06 23:00:00,15.0,12.995632,4.979343,21.062334,4.0206537,27.937483,False,0.6664605,normal,0.0
2012-02-07 00:00:00,14.0,12.018878,7.966001,19.031063,4.9466076,22.031252,False,0.46296352,normal,0.0
2012-02-07 01:00:00,12.0,10.009316,5.966821,14.051822,4.0076036,15.018914,False,0.92114896,normal,0.0
2012-02-07 02:00:00,9.0,9.975256,6.98268,12.9678335,5.985154,13.96536,False,0.66798544,normal,0.0
2012-02-07 03:00:00,10.0,10.0180235,8.014419,14.025233,7.0126166,15.032407,False,0.27207223,normal,0.0
2012-02-07 04:00:00,11.0,9.967696,9.035465,11.977371,6.0136046,12.9798765,False,0.49075392,normal,0.0
2012-02-07 05:00:00,11.0,11.00669,9.999541,12.064214,8.9923935,15.035282,False,0.08050449,normal,0.0
2012-02-07 06:00:00,12.0,10.969575,10.031387,11.979931,9.021032,12.133657,True,1.3055958,high,0.010299545712769032
2012-02-07 07:00:00,10.0,11.004399,8.977273,12.017962,8.025971,14.991326,False,1.064901,normal,0.0
2012-02-07 08:00:00,11.0,11.027615,8.996212,12.986467,7.9805107,15.022591,False,0.12839366,normal,0.0
2012-02-07 09:00:00,11.0,10.989659,8.0057125,12.034051,6.9718833,13.973606,False,0.3103711,normal,0.0
2012-02-07 10:00:00,12.0,11.012724,8.946927,12.057482,8.017408,12.986997,False,1.0635564,normal,0.0
2012-02-07 11:00:00,12.0,10.985612,9.008202,13.03626,7.972991,13.988345,False,0.72661877,normal,0.0
2012-02-07 12:00:00,10.0,11.99994,8.98155,13.987659,8.976765,15.97538,False,1.2574462,normal,0.0
2012-02-07 13:00:00,11.0,10.992027,7.0083394,14.016679,5.970737,14.976084,False,0.27064562,normal,0.0
2012-02-07 14:00:00,12.0,10.000459,6.963282,12.963557,4.0001836,14.963649,False,1.2524027,normal,0.0
2012-02-07 15:00:00,8.0,9.009577,4.988774,13.99835,4.010751,18.023998,False,0.62849516,normal,0.0
2012-02-07 16:00:00,9.0,7.9998326,4.0354295,21.982718,2.9905918,25.051067,False,0.041295543,normal,0.0
2012-02-07 17:00:00,44.0,9.96403,3.9706287,42.02873,3.965759,52.03213,True,2.820774,high,0.05179637670516968
2012-02-07 18:00:00,10.0,5.9924855,1.9974953,15.006192,1.9974953,35.878086,False,0.70495635,normal,0.0
2012-02-07 19:00:00,12.0,7.0014663,1.9691627,13.007422,1.9691627,15.053911,False,1.5497268,normal,0.0
2012-02-07 20:00:00,12.0,7.9912024,1.9794724,14.002933,1.9794724,15.034096,False,1.4202427,normal,0.0
2012-02-07 21:00:00,9.0,10.000459,2.963099,14.000642,2.0000918,14.030302,False,0.068640985,normal,0.0
2012-02-07 22:00:00,10.0,9.028057,4.974758,14.997022,2.984482,16.066236,False,0.14929132,normal,0.0
2012-02-07 23:00:00,17.0,14.023858,7.9980984,22.070713,5.0193415,24.007803,False,0.6716509,normal,0.0
2012-02-08 00:00:00,13.0,13.991478,6.9712915,20.989098,2.031021,22.04034,False,0.41845122,normal,0.0
2012-02-08 01:00:00,9.0,12.009026,6.9977126,15.054722,4.9750605,16.993904,False,1.1740385,normal,0.0
2012-02-08 02:00:00,6.0,9.033327,5.996915,11.99383,5.9870467,11.998769,False,2.3077126,normal,0.0
2012-02-08 03:00:00,9.0,9.033327,4.023247,11.99383,1.9687341,13.025875,False,0.019036056,normal,0.0
2012-02-08 04:00:00,10.0,10.020162,5.996915,11.99383,4.994899,12.980664,False,0.29168743,normal,0.0
2012-02-08 05:00:00,10.0,10.030242,7.978602,12.005895,5.9980083,12.0108385,False,0.059849214,normal,0.0
2012-02-08 06:00:00,10.0,9.96426,8.97544,12.0179615,5.993768,12.02291,False,0.117366716,normal,0.0
2012-02-08 07:00:00,9.0,9.974264,7.9946394,12.030028,6.015014,12.030028,False,1.0866295,normal,0.0
2012-02-08 08:00:00,9.0,9.96426,8.97544,12.0179615,7.9866204,12.0179615,False,1.0731673,normal,0.0
2012-02-08 09:00:00,11.0,9.974264,7.9946394,12.030028,7.004827,14.009654,False,1.4090362,normal,0.0
2012-02-08 10:00:00,9.0,9.994273,8.010676,11.977868,8.010676,11.977868,False,1.2898083,normal,0.0
2012-02-08 11:00:00,10.0,9.994273,8.010676,11.977868,7.0139194,12.058743,False,0.15924455,normal,0.0
2012-02-08 12:00:00,9.0,9.994273,8.010676,11.977868,8.005717,12.975012,False,1.065692,normal,0.0
2012-02-08 13:00:00,11.0,10.004277,8.018696,11.989859,8.018696,12.98265,False,1.2413118,normal,0.0
2012-02-08 14:00:00,9.0,9.029509,4.973882,12.013838,3.9791057,12.013838,False,0.15522291,normal,0.0
2012-02-08 15:00:00,8.0,8.034733,4.973882,10.024285,3.969158,11.019062,False,0.02264571,normal,0.0
2012-02-08 16:00:00,9.0,8.472477,4.958891,20.036842,2.990286,22.010426,False,0.02299241,normal,0.0
2012-02-08 17:00:00,2.0,11.008064,4.002933,44.109234,2.0014665,47.95821,True,1.1694831,low,0.04994060844182968
2012-02-08 18:00:00,0.0,3.9989617,2.0372071,18.057583,1.4377292e-07,44.084045,True,0.9146698,low,0.12716348469257355
2012-02-08 19:00:00,4.0,2.033083,1.4348188e-07,14.056527,1.4348188e-07,20.069578,False,0.23999012,normal,0.0
2012-02-08 20:00:00,2.0,2.0268972,1.4304533e-07,9.9843445,1.4304533e-07,13.968328,False,0.3607067,normal,0.0
2012-02-08 21:00:00,2.0,2.0268972,1.4304533e-07,8.032517,1.4304533e-07,12.021009,False,0.12934782,normal,0.0
2012-02-08 22:00:00,6.0,2.0268972,1.4304533e-07,9.0084305,1.4304533e-07,9.9843445,False,1.3470736,normal,0.0
2012-02-08 23:00:00,10.0,11.984741,2.035145,20.072567,1.436274e-07,23.989853,False,0.43621752,normal,0.0
2012-02-09 00:00:00,6.0,9.994502,5.008523,15.0293255,3.9628575,26.050755,False,1.3161069,normal,0.0
2012-02-09 01:00:00,6.0,5.975074,1.9661726,10.9791975,1.4231773e-07,13.01111,False,0.18794797,normal,0.0
2012-02-09 02:00:00,7.0,5.962855,2.0124636,9.987782,1.4202669e-07,12.005095,False,0.14429684,normal,0.0
2012-02-09 03:00:00,10.0,7.983489,5.944715,10.967971,3.5041547,12.027477,False,1.3141726,normal,0.0
2012-02-09 04:00:00,9.0,10.008248,7.9916606,12.024836,7.015483,13.000644,False,0.9741032,normal,0.0
2012-02-09 05:00:00,10.0,10.008248,7.9916606,10.9791975,7.020711,10.984431,False,0.48580942,normal,0.0
2012-02-09 06:00:00,10.0,10.008248,7.9916606,11.005348,7.020711,12.024836,False,0.34961358,normal,0.0
2012-02-09 07:00:00,9.0,10.008248,7.9916606,10.9791975,7.986806,12.0296955,False,0.9916781,normal,0.0
2012-02-09 08:00:00,9.0,10.008248,9.037298,11.005348,9.037298,12.024836,True,1.1072694,low,0.01895184814929962
2012-02-09 09:00:00,11.0,9.987782,7.9753184,11.031281,7.970474,12.000245,False,1.6002111,normal,0.0
2012-02-09 10:00:00,9.0,9.998014,9.001943,12.01254,7.978639,12.022249,True,0.8658041,low,0.0006452653324231505
2012-02-09 11:00:00,10.0,9.998014,7.983489,10.967971,7.9685664,11.938301,False,0.26762232,normal,0.0
2012-02-09 12:00:00,9.0,9.028057,7.983489,10.967971,7.0083094,10.973199,False,0.54802746,normal,0.0
2012-02-09 13:00:00,11.0,9.977548,7.9671464,11.987949,7.9623065,14.028163,False,0.8823257,normal,0.0
2012-02-09 14:00:00,9.0,9.028057,6.9874177,12.01254,4.9840846,12.997806,False,0.11786398,normal,0.0
2012-02-09 15:00:00,6.0,7.9916606,5.975074,10.9791975,5.970219,10.984431,False,1.9856831,normal,0.0
2012-02-09 16:00:00,5.0,5.962855,1.4202669e-07,16.994135,1.4202669e-07,21.133959,False,0.26729158,normal,0.0
2012-02-09 17:00:00,4.0,4.0001836,1.4115358e-07,24.127108,1.4115358e-07,44.002018,False,0.2995675,normal,0.0
2012-02-09 18:00:00,2.0,2.979747,1.3518729e-07,16.083557,1.3518729e-07,25.57462,False,0.22057559,normal,0.0
2012-02-09 19:00:00,2.0,1.9822215,1.3489625e-07,10.052694,1.3489625e-07,18.001776,False,0.24336408,normal,0.0
2012-02-09 20:00:00,4.0,1.9651151,1.337321e-07,5.9655275,1.337321e-07,8.01066,False,0.832479,normal,0.0
2012-02-09 21:00:00,2.0,2.0308683,1.3344106e-07,7.0029936,1.3344106e-07,7.9886703,False,0.6812854,normal,0.0
2012-02-09 22:00:00,12.0,3.9830005,1.3315002e-07,10.996934,1.3315002e-07,16.01202,True,2.7364252,high,0.09121324121952057
2012-02-09 23:00:00,16.0,12.014296,4.0047655,23.958332,3.9998474,26.01589,False,0.91997045,normal,0.0
2012-02-10 00:00:00,12.0,11.970003,4.999237,17.062542,4.008543,24.010418,False,0.1943647,normal,0.0
2012-02-10 01:00:00,6.0,9.976783,4.0047655,12.997923,1.9672532,13.981549,False,1.5172229,normal,0.0
2012-02-10 02:00:00,6.0,6.98772,3.0047197,12.018878,2.0211983,13.97544,False,0.8366118,normal,0.0
2012-02-10 03:00:00,9.0,10.029326,7.5098057,11.979472,5.9597874,13.024194,False,0.47318265,normal,0.0
2012-02-10 04:00:00,10.0,8.974752,8.000749,10.9923315,5.9633403,11.966336,False,0.52660453,normal,0.0
2012-02-10 05:00:00,9.0,10.007333,9.034396,12.0226965,7.977025,12.04287,True,1.1365815,low,0.011510275304317474
2012-02-10 06:00:00,10.0,9.985337,7.9744015,11.0254755,6.027607,14.012068,False,0.3026603,normal,0.0
2012-02-10 07:00:00,9.0,9.004613,8.034885,11.013334,6.020969,12.062035,False,0.61349875,normal,0.0
2012-02-10 08:00:00,11.0,10.02146,8.984756,10.989048,8.007147,10.994237,True,1.5877912,high,0.005464270245283842
2012-02-10 09:00:00,9.0,10.02146,8.984756,12.025751,8.9799185,15.012506,False,0.80858374,normal,0.0
2012-02-10 10:00:00,9.0,9.988239,9.023857,11.985887,7.9881806,11.991058,True,1.6763904,low,0.008054312318563461
2012-02-10 11:00:00,10.0,9.966093,9.003849,12.028042,8.983917,12.028042,False,0.009203689,normal,0.0
2012-02-10 12:00:00,10.0,8.993845,8.993845,10.984848,8.027521,12.014677,False,0.62199897,normal,0.0
2012-02-10 13:00:00,10.0,10.012526,8.983841,12.001313,8.983841,17.01238,False,0.3296799,normal,0.0
2012-02-10 14:00:00,9.0,9.990225,6.979472,13.984613,6.0215054,22.033234,False,0.43198207,normal,0.0
2012-02-10 15:00:00,7.0,6.971683,4.9895377,12.02957,4.03264,17.034159,False,0.28611055,normal,0.0
2012-02-10 16:00:00,9.0,6.001344,1.9777157,19.050865,1.299486e-07,22.097631,False,0.5670565,normal,0.0
2012-02-10 17:00:00,44.0,4.9895377,1.3023964e-07,20.0265,1.3023964e-07,28.04327,True,7.7529025,high,1.0
2012-02-10 18:00:00,12.0,7.0106306,1.3358658e-07,44.096867,1.3358658e-07,48.02282,False,0.2065916,normal,0.0
2012-02-10 19:00:00,12.0,11.502016,3.99748,17.993952,1.9758066,44.032257,False,0.22543703,normal,0.0
2012-02-10 20:00:00,9.0,10.284855,5.9538274,16.06432,1.9829484,22.103647,False,0.47070137,normal,0.0
2012-02-10 21:00:00,9.0,8.977731,4.4888654,12.9678335,2.9875894,16.04129,False,0.14386761,normal,0.0
2012-02-10 22:00:00,9.0,13.009531,5.0036654,20.014662,3.9929256,22.016129,False,0.97810304,normal,0.0
2012-02-10 23:00:00,41.0,15.99134,7.0275846,21.943274,6.023644,27.997065,True,6.599607,high,1.0
2012-02-11 00:00:00,63.0,12.491408,3.9795637,28.0541,1.9798331,34.09717,True,9.4425535,high,1.0
2012-02-11 01:00:00,58.0,8.982772,2.0133798,40.335464,2.0033128,60.42975,True,3.4389,high,0.46094921231269836
2012-02-11 02:00:00,60.0,8.98552,2.9951737,62.979595,2.023766,66.55405,False,1.8469709,normal,0.0
2012-02-11 03:00:00,64.0,58.628193,7.9754705,63.125004,6.0240264,63.973457,True,0.75500524,high,0.015865886583924294
2012-02-11 04:00:00,64.0,63.879982,57.356304,68.06154,9.964565,68.06198,False,0.21891612,normal,0.0
2012-02-11 05:00:00,64.0,63.902584,31.597826,66.137314,9.022636,66.32102,False,0.25668836,normal,0.0
2012-02-11 06:00:00,62.0,63.86837,15.916134,68.04214,9.026988,71.9252,False,0.2679849,normal,0.0
2012-02-11 07:00:00,65.0,62.143818,58.0051,66.078255,57.805855,66.078255,False,1.5109458,normal,0.0
2012-02-11 08:00:00,63.0,63.9956,60.00244,68.19893,59.8879,68.30769,False,0.59819186,normal,0.0
2012-02-11 09:00:00,64.0,63.033356,58.016865,65.87149,56.162395,66.087425,False,0.8038137,normal,0.0
2012-02-11 10:00:00,65.0,64.01561,60.826138,65.714966,59.603508,66.61922,False,1.1932732,normal,0.0
2012-02-11 11:00:00,63.0,65.01787,61.725975,67.132416,59.979862,68.18091,False,1.0144354,normal,0.0
2012-02-11 12:00:00,64.0,65.00069,61.974583,65.12173,61.116985,66.09432,False,0.28754038,normal,0.0
2012-02-11 13:00:00,64.0,63.209843,58.954132,66.091835,57.82762,66.84473,False,0.292646,normal,0.0
2012-02-11 14:00:00,62.0,63.703266,59.956013,65.899925,32.045456,66.424545,False,0.29889965,normal,0.0
2012-02-11 15:00:00,62.0,61.99383,58.00281,65.984856,56.846085,66.12055,False,0.042112842,normal,0.0
2012-02-11 16:00:00,62.0,61.995358,9.05242,65.97294,3.9679775,68.167465,False,0.2656729,normal,0.0
2012-02-11 17:00:00,31.0,61.98917,55.776134,64.1249,41.08583,65.66051,True,6.618788,low,1.0
2012-02-11 18:00:00,11.0,15.493494,2.6717316e-07,61.973972,2.6717316e-07,61.983795,False,0.60294545,normal,0.0
2012-02-11 19:00:00,10.0,9.960518,1.9640459,32.18938,2.6731868e-07,46.0857,False,0.10975303,normal,0.0
2012-02-11 20:00:00,6.0,9.949675,6.001335,16.981018,3.9140058,20.169235,True,1.2329975,low,0.00012160131882410496
2012-02-11 21:00:00,6.0,6.983902,1.9066052,15.92679,2.6615453e-07,17.889275,False,0.37245914,normal,0.0
2012-02-11 22:00:00,6.0,7.9485893,1.903478,17.988913,2.6571797e-07,22.06294,False,0.6090411,normal,0.0
2012-02-11 23:00:00,12.0,9.044325,1.9480085,34.100636,2.651359e-07,53.987656,False,0.18338414,normal,0.0
2012-02-12 00:00:00,9.0,9.990837,4.024087,22.125612,1.9426628,62.036163,False,0.23212518,normal,0.0
2012-02-12 01:00:00,8.0,7.0612626,4.0152283,12.045683,1.9286941,17.999296,False,0.11811137,normal,0.0
2012-02-12 02:00:00,10.0,8.026027,4.981672,11.90412,1.9276304,13.986745,False,1.0054618,normal,0.0
2012-02-12 03:00:00,10.0,9.985337,6.9099917,12.065616,5.953758,15.959214,False,0.079588264,normal,0.0
2012-02-12 04:00:00,10.0,9.990837,9.0195055,11.933498,8.0426235,11.948777,False,0.1244716,normal,0.0
2012-02-12 05:00:00,12.0,9.990837,9.0195055,11.933498,6.933224,11.933498,True,2.4585025,high,0.022821467369794846
2012-02-12 06:00:00,11.0,10.001833,9.029432,11.946633,5.973317,11.957062,False,0.8091478,normal,0.0
2012-02-12 07:00:00,10.0,10.980267,9.034397,11.953201,8.055902,13.099909,False,0.49299565,normal,0.0
2012-02-12 08:00:00,11.0,10.012831,9.039361,11.959769,5.001548,11.959769,False,0.5820838,normal,0.0
2012-02-12 09:00:00,11.0,10.023828,9.049289,11.972905,9.049289,11.972905,False,0.8905621,normal,0.0
2012-02-12 10:00:00,11.0,10.998365,9.049289,11.972905,9.046504,11.973602,False,0.70461965,normal,0.0
2012-02-12 11:00:00,11.0,11.010431,9.0592165,11.986039,9.0592165,11.986039,False,0.46877408,normal,0.0
2012-02-12 12:00:00,11.0,11.016465,9.06418,11.992608,9.053721,11.992608,False,0.5043875,normal,0.0
2012-02-12 13:00:00,12.0,11.028531,9.478952,12.005742,8.929621,12.026004,False,1.560939,normal,0.0
2012-02-12 14:00:00,9.0,10.056819,6.9594584,12.012311,4.0450764,13.967804,False,0.6623012,normal,0.0
2012-02-12 15:00:00,10.0,6.983902,1.9554927,12.012311,1.9457153,24.039303,False,0.80990386,normal,0.0
2012-02-12 16:00:00,6.0,6.9915385,1.957631,15.993163,1.957631,40.230804,False,0.30232218,normal,0.0
2012-02-12 17:00:00,16.0,4.0484486,2.66009e-07,12.005742,2.66009e-07,13.960166,True,4.2812295,high,0.3326956033706665
2012-02-12 18:00:00,7.0,9.987629,2.6804628e-07,44.029964,2.6804628e-07,61.89516,False,0.5171226,normal,0.0
2012-02-12 19:00:00,23.0,5.930627,1.9768758,15.956209,0.9834959,22.067617,True,4.2179427,high,0.5038716793060303
2012-02-12 20:00:00,11.0,9.985949,2.995785,31.958603,1.9872041,44.090824,False,0.10518952,normal,0.0
2012-02-12 21:00:00,11.0,9.030655,3.9885395,16.054497,1.9967782,27.967094,False,0.5138416,normal,0.0
2012-02-12 22:00:00,15.0,9.938142,6.0240984,24.15044,4.022787,46.08993,False,0.8349417,normal,0.0
2012-02-12 23:00:00,14.0,10.998595,4.0521145,42.163715,2.0260572,60.058117,False,0.09581432,normal,0.0
2012-02-13 00:00:00,12.0,12.036978,5.920598,23.131327,2.0201821,29.88507,False,0.043173075,normal,0.0
2012-02-13 01:00:00,9.0,11.056635,5.9647636,19.934679,4.9463897,29.9693,False,0.7065867,normal,0.0
2012-02-13 02:00:00,8.0,10.054069,5.9741573,13.98827,4.9541793,16.028227,False,1.0714018,normal,0.0
2012-02-13 03:00:00,9.0,10.059338,6.997801,11.9545765,5.967083,14.0058155,False,0.2835407,normal,0.0
2012-02-13 04:00:00,10.0,10.054069,8.014113,11.948315,6.9744644,16.028227,False,0.12368423,normal,0.0
2012-02-13 05:00:00,11.0,10.059338,8.018313,11.9545765,6.992698,14.0255165,False,0.7449868,normal,0.0
2012-02-13 06:00:00,10.0,10.064608,9.018035,11.960839,6.9963617,11.97106,False,0.3250817,normal,0.0
2012-02-13 07:00:00,10.0,10.064608,9.043561,11.960839,8.022513,14.008042,False,0.45530766,normal,0.0
2012-02-13 08:00:00,11.0,10.069877,9.022757,11.967101,7.0000243,11.967101,False,0.84566236,normal,0.0
2012-02-13 09:00:00,11.0,9.934323,9.057766,11.979626,9.057035,14.024927,False,0.6715162,normal,0.0
2012-02-13 10:00:00,10.0,10.956975,9.057766,11.979626,9.057766,11.983281,False,0.84706604,normal,0.0
2012-02-13 11:00:00,10.0,9.939516,9.0625,11.985888,9.0625,11.985888,False,0.5912393,normal,0.0
2012-02-13 12:00:00,11.0,9.939516,9.0625,11.985888,9.0573845,11.996129,False,0.60225207,normal,0.0
2012-02-13 13:00:00,11.0,9.949903,9.07197,11.998412,8.042594,12.028438,False,0.5003238,normal,0.0
2012-02-13 14:00:00,10.0,9.07197,5.999206,12.0496435,3.950697,18.162981,False,0.43987566,normal,0.0
2012-02-13 15:00:00,8.0,8.930306,4.977548,20.960608,3.9527588,39.966778,False,0.25053343,normal,0.0
2012-02-13 16:00:00,10.0,7.034458,2.051717,27.016733,2.0465877,40.038548,False,0.18002298,normal,0.0
2012-02-13 17:00:00,35.0,9.9914465,2.0570629,45.99004,2.0570629,51.86736,False,1.7249743,normal,0.0
2012-02-13 18:00:00,6.0,11.944038,4.031113,42.005703,2.9807842,46.064495,False,0.94719815,normal,0.0
2012-02-13 19:00:00,10.0,7.9291153,1.9448775,25.006641,2.8507202e-07,42.03927,False,0.17845228,normal,0.0
2012-02-13 20:00:00,12.0,9.013014,4.0558567,21.052906,4.050599,30.063679,False,0.60096836,normal,0.0
2012-02-13 21:00:00,15.0,9.954638,4.977319,18.09934,1.960762,24.171705,False,1.2665926,normal,0.0
2012-02-13 22:00:00,15.0,13.967498,8.046494,30.99419,6.0728254,35.98149,False,0.23794551,normal,0.0
2012-02-13 23:00:00,13.0,13.988576,5.9071326,36.03579,3.948732,43.952267,False,0.17858185,normal,0.0
2012-02-14 00:00:00,14.0,10.931087,6.983749,17.914835,5.0002127,18.992016,False,0.953179,normal,0.0
2012-02-14 01:00:00,9.0,11.473989,6.9679785,15.957204,5.9224024,19.919159,False,0.96914035,normal,0.0
2012-02-14 02:00:00,9.0,8.979945,5.9358964,12.046833,5.477006,15.981259,False,0.092196964,normal,0.0
2012-02-14 03:00:00,11.0,8.993463,7.926442,12.042093,7.0118523,12.051249,False,1.2634221,normal,0.0
2012-02-14 04:00:00,10.0,10.070565,7.934385,12.9696665,7.934385,14.047685,False,0.3855427,normal,0.0
2012-02-14 05:00:00,11.0,10.070565,8.231924,12.05416,7.934385,12.9696665,False,0.8884019,normal,0.0
2012-02-14 06:00:00,10.0,9.927909,9.011486,12.98265,7.942327,14.081622,False,0.33103114,normal,0.0
2012-02-14 07:00:00,10.0,9.927909,9.011486,12.066227,7.942327,13.919712,False,0.24828115,normal,0.0
2012-02-14 08:00:00,11.0,9.932873,9.015991,12.07226,7.946298,12.994494,False,0.7130105,normal,0.0
2012-02-14 09:00:00,11.0,9.932873,9.015991,12.09519,9.015991,14.068778,False,0.5674385,normal,0.0
2012-02-14 10:00:00,11.0,9.9428005,9.025003,11.93136,7.9496517,12.08892,False,0.90841943,normal,0.0
2012-02-14 11:00:00,11.0,11.024561,9.034015,11.947102,9.034015,13.029666,False,0.5383317,normal,0.0
2012-02-14 12:00:00,10.0,11.03006,9.957692,13.021598,9.038521,13.981405,False,1.0027367,normal,0.0
2012-02-14 13:00:00,12.0,9.957692,7.966154,11.976049,5.9700203,13.946136,True,1.3806611,high,0.005972866900265217
2012-02-14 14:00:00,10.0,9.047531,5.980572,13.034579,5.980572,23.982918,False,0.1950081,normal,0.0
2012-02-14 15:00:00,9.0,9.052038,5.983551,11.9671,5.9689755,15.060929,False,0.09105534,normal,0.0
2012-02-14 16:00:00,9.0,7.9860096,3.9930048,20.168531,1.98652,38.12709,False,0.02729394,normal,0.0
2012-02-14 17:00:00,38.0,15.972018,5.989507,46.07313,5.9749174,46.07313,False,1.7472328,normal,0.0
2012-02-14 18:00:00,8.0,9.034015,5.960153,58.03206,3.9764977,62.01315,False,0.43462315,normal,0.0
2012-02-14 19:00:00,11.0,9.015991,5.959724,22.005133,3.0562685,23.149776,False,0.14435078,normal,0.0
2012-02-14 20:00:00,22.0,12.066227,7.942327,17.129469,7.010631,21.102175,True,3.756017,high,0.5301464796066284
2012-02-14 21:00:00,14.0,15.065525,9.070061,32.079613,9.06468,46.118954,False,0.42761946,normal,0.0
2012-02-14 22:00:00,15.0,14.024164,9.99029,17.880812,8.013808,22.077307,False,0.50109124,normal,0.0
2012-02-14 23:00:00,14.0,14.065861,8.9650545,20.094086,6.0282264,23.030916,False,0.19791691,normal,0.0
2012-02-15 00:00:00,11.0,12.048127,8.997969,16.013336,7.0153656,19.983885,False,0.3233004,normal,0.0
2012-02-15 01:00:00,7.0,9.951964,6.9812284,13.962457,5.9414716,16.071707,False,1.4881159,normal,0.0
2012-02-15 02:00:00,6.0,7.955309,5.930321,10.99279,5.9107947,12.015419,False,1.6041857,normal,0.0
2012-02-15 03:00:00,8.0,8.009531,6.042278,11.9440365,2.945962,13.102642,False,0.025415493,normal,0.0
2012-02-15 04:00:00,9.0,8.991936,6.948314,11.989248,5.994624,14.991333,False,0.17204942,normal,0.0
2012-02-15 05:00:00,10.0,10.03513,8.028104,12.015747,6.9981823,12.945323,False,0.3429547,normal,0.0
2012-02-15 06:00:00,8.0,9.977547,8.058788,12.024223,8.058148,13.092377,True,1.8070941,low,0.014825179241597652
2012-02-15 07:00:00,9.0,9.036917,7.0562224,12.007957,6.9126225,12.012914,False,0.09967203,normal,0.0
2012-02-15 08:00:00,9.0,10.039407,8.007622,11.951674,7.051488,13.062617,False,0.5629106,normal,0.0
2012-02-15 09:00:00,10.0,9.000641,7.9621058,10.988293,7.0389633,13.044588,False,0.7038947,normal,0.0
2012-02-15 10:00:00,9.0,10.014205,8.011364,12.017046,8.006357,13.023478,False,0.86592346,normal,0.0
2012-02-15 11:00:00,9.0,8.987353,6.9545,11.020207,5.986755,11.983138,False,0.25972527,normal,0.0
2012-02-15 12:00:00,9.0,8.949551,8.023735,11.032645,8.013448,13.076229,False,0.2671819,normal,0.0
2012-02-15 13:00:00,9.0,8.9788,7.9674516,12.037513,6.0187564,12.042451,False,0.46982878,normal,0.0
2012-02-15 14:00:00,9.0,8.029769,6.0435815,22.011013,3.007857,30.05071,False,0.17692468,normal,0.0
2012-02-15 15:00:00,6.0,7.95699,5.967742,16.079021,4.518304,30.089695,False,0.5875354,normal,0.0
2012-02-15 16:00:00,6.0,6.9776397,3.0150297,32.095005,1.641456e-07,45.91459,False,0.42584866,normal,0.0
2012-02-15 17:00:00,6.0,16.537148,4.011486,40.032993,3.0290813,46.009285,False,1.09278,normal,0.0
2012-02-15 18:00:00,6.0,5.9968386,3.9739048,34.062042,1.5235855e-07,37.990383,False,0.5134333,normal,0.0
2012-02-15 19:00:00,4.0,7.002689,5.0132885,22.997467,3.0187156,31.989553,True,1.0323285,low,0.05634332448244095
2012-02-15 20:00:00,8.0,6.0129523,1.9779451,19.012014,1.5075784e-07,27.92858,False,0.39758015,normal,0.0
2012-02-15 21:00:00,6.0,9.03684,3.9635265,19.976173,3.9635265,26.020967,False,0.9743431,normal,0.0
2012-02-15 22:00:00,4.0,8.006324,3.9397452,16.012648,1.9718546,22.057043,False,1.3161296,normal,0.0
2012-02-15 23:00:00,6.0,6.0129523,1.0028181,14.003849,1.5075784e-07,20.026701,False,0.01102801,normal,0.0
2012-02-16 00:00:00,8.0,5.9781284,1.9664898,11.037915,1.9566574,14.001407,False,1.0859283,normal,0.0
2012-02-16 01:00:00,4.0,5.972324,2.9606223,10.082234,1.9645805,12.0232315,False,1.0208484,normal,0.0
2012-02-16 02:00:00,6.0,3.9921644,1.4915713e-07,9.00194,1.4915713e-07,11.981586,False,0.6781115,normal,0.0
2012-02-16 03:00:00,7.0,7.017504,3.9765856,9.98045,3.966839,10.999163,False,0.13162275,normal,0.0
2012-02-16 04:00:00,9.0,8.007545,3.9649012,10.028868,1.005608,11.972446,False,0.79481727,normal,0.0
2012-02-16 05:00:00,9.0,9.009348,5.980343,11.028684,4.9660144,12.038352,False,0.22177206,normal,0.0
2012-02-16 06:00:00,9.0,8.982772,6.969392,10.996151,5.962702,11.011266,False,0.2068522,normal,0.0
2012-02-16 07:00:00,10.0,8.9650545,8.037635,10.9744625,7.0329304,10.9744625,False,1.1320314,normal,0.0
2012-02-16 08:00:00,10.0,9.969758,8.9650545,10.9744625,8.037635,10.979491,False,0.42670706,normal,0.0
2012-02-16 09:00:00,0.0,10.037115,8.029692,10.963617,6.990851,11.967715,True,9.688245,low,1.0
2012-02-16 10:00:00,9.0,6.0331135,1.4551915e-07,13.975441,1.4551915e-07,16.067202,False,0.7559364,normal,0.0
2012-02-16 11:00:00,9.0,8.993463,1.4522811e-07,11.965878,1.4522811e-07,16.0652,False,0.06393746,normal,0.0
2012-02-16 12:00:00,10.0,8.97544,5.98426,11.05197,1.4493708e-07,13.01173,False,0.69294757,normal,0.0
2012-02-16 13:00:00,8.0,8.966428,3.976003,12.005895,1.4479156e-07,16.07312,False,0.40350497,normal,0.0
2012-02-16 14:00:00,10.0,8.022208,1.9185185,12.057918,1.4420948e-07,15.0000305,False,0.85032624,normal,0.0
2012-02-16 15:00:00,7.0,8.030303,1.44355e-07,11.969696,1.44355e-07,12.069794,False,0.2883753,normal,0.0
2012-02-16 16:00:00,7.0,8.006018,3.021139,16.012035,1.4391844e-07,24.047915,False,0.3896849,normal,0.0
2012-02-16 17:00:00,6.0,7.03125,1.4406396e-07,38.029236,1.4406396e-07,39.919357,False,0.43149197,normal,0.0
2012-02-16 18:00:00,4.0,7.035068,1.4260877e-07,11.175719,1.4260877e-07,24.053974,False,0.9494126,normal,0.0
2012-02-16 19:00:00,8.0,5.968964,1.4217221e-07,14.027064,1.4217221e-07,19.996029,False,0.789015,normal,0.0
2012-02-16 20:00:00,6.0,8.007851,3.0121274,13.027459,1.3998942e-07,16.05578,False,0.63102233,normal,0.0
2012-02-16 21:00:00,4.0,7.016129,1.9732865,15.007948,1.3926183e-07,36.0505,False,0.8676602,normal,0.0
2012-02-16 22:00:00,6.0,6.021658,3.9648628,11.027615,1.382432e-07,12.99155,False,0.2791657,normal,0.0
2012-02-16 23:00:00,5.0,5.9646106,4.024316,9.988926,2.0020971,11.0500345,False,0.8134656,normal,0.0
2012-02-17 00:00:00,6.0,5.978739,1.992913,9.991265,1.3562385e-07,13.98067,False,0.15383223,normal,0.0
2012-02-17 01:00:00,4.0,6.0109663,4.006132,9.005851,1.3475074e-07,11.056666,True,1.1100225,low,0.0012264939723536372
2012-02-17 02:00:00,6.0,5.97851,4.0091186,8.018237,4.004195,9.002933,False,0.052778747,normal,0.0
2012-02-17 03:00:00,6.0,7.0182676,4.0004125,9.9659395,1.337321e-07,12.001238,False,0.5160342,normal,0.0
2012-02-17 04:00:00,9.0,7.9747076,3.9873538,10.00336,1.3329554e-07,12.032014,False,0.76903427,normal,0.0
2012-02-17 05:00:00,9.0,9.014158,4.936825,10.97072,1.3315002e-07,18.038109,False,0.031603746,normal,0.0
2012-02-17 06:00:00,10.0,8.994456,5.9457536,11.016465,1.3285899e-07,12.002728,False,0.6257881,normal,0.0
2012-02-17 07:00:00,8.0,9.970598,5.9719005,11.040877,1.3285899e-07,11.997494,False,0.8201288,normal,0.0
2012-02-17 08:00:00,10.0,10.018329,5.983168,11.966336,3.9457605,11.966336,False,0.40375924,normal,0.0
2012-02-17 09:00:00,9.0,9.034396,5.0036664,10.980267,1.3242243e-07,12.032435,False,0.0434267,normal,0.0
2012-02-17 10:00:00,9.0,9.985337,4.9683986,11.0254755,1.3213139e-07,12.006337,False,0.11652134,normal,0.0
2012-02-17 11:00:00,10.0,9.004613,6.9958916,11.013334,4.977127,11.983062,False,0.74638903,normal,0.0
2012-02-17 12:00:00,9.0,9.004613,6.9958916,11.983062,5.4547176,12.062035,False,0.25072265,normal,0.0
2012-02-17 13:00:00,9.0,8.984756,6.0128756,12.025751,4.469917,14.050105,False,0.19247699,normal,0.0
2012-02-17 14:00:00,9.0,9.033862,5.9995875,11.057869,5.0289645,13.038419,False,0.2251372,normal,0.0
2012-02-17 15:00:00,9.0,7.9905915,5.028562,9.988239,3.9904737,11.076666,False,0.5473375,normal,0.0
2012-02-17 16:00:00,12.0,7.99945,1.949866,35.997524,1.314038e-07,40.086235,False,0.5279032,normal,0.0
2012-02-17 17:00:00,34.0,8.984756,4.9761734,38.938564,4.008584,43.956192,False,2.5401878,normal,0.0
2012-02-17 18:00:00,9.0,12.495724,4.0041547,36.016697,3.9941442,37.970432,False,0.58658344,normal,0.0
2012-02-17 19:00:00,12.0,9.974341,4.0174427,24.116833,3.9973555,34.01944,False,0.33071643,normal,0.0
2012-02-17 20:00:00,14.0,12.009485,4.9738708,33.94762,1.3227691e-07,38.06141,False,0.15259297,normal,0.0
2012-02-17 21:00:00,23.0,11.966336,7.026744,16.001497,5.978298,21.99476,True,4.2621956,high,0.7797988057136536
2012-02-17 22:00:00,18.0,12.983795,5.9655275,25.899162,4.9780574,25.977425,False,0.8862659,normal,0.0
2012-02-17 23:00:00,17.0,14.5048275,8.000539,28.02389,5.980073,34.00889,False,0.26474902,normal,0.0
2012-02-18 00:00:00,14.0,14.992058,7.9910493,21.027784,6.9911075,24.043865,False,0.1855357,normal,0.0
2012-02-18 01:00:00,12.0,12.021933,5.986215,16.97214,2.9552739,18.053074,False,0.026341505,normal,0.0
2012-02-18 02:00:00,10.0,10.996685,6.0304403,16.033876,4.9612784,17.032097,False,0.47286108,normal,0.0
2012-02-18 03:00:00,9.0,10.014204,5.965909,13.991478,4.9666195,13.991478,False,0.6392587,normal,0.0
2012-02-18 04:00:00,11.0,9.992669,6.991325,12.970982,0.98721915,18.050991,False,0.5653667,normal,0.0
2012-02-18 05:00:00,12.0,10.003436,7.992107,14.969681,6.0251193,16.04382,False,0.94492984,normal,0.0
2012-02-18 06:00:00,13.0,11.008523,8.025568,13.993254,6.9960938,18.028822,False,0.8497552,normal,0.0
2012-02-18 07:00:00,12.0,11.970308,8.977731,16.031662,6.977692,19.034225,False,0.09171621,normal,0.0
2012-02-18 08:00:00,12.0,11.995968,7.9973116,14.020296,6.9926496,17.993952,False,0.07074875,normal,0.0
2012-02-18 09:00:00,13.0,12.008798,9.006598,14.035292,8.005865,16.01173,False,0.9476173,normal,0.0
2012-02-18 10:00:00,12.0,12.034457,9.025843,13.993648,8.022971,14.971437,False,0.0336518,normal,0.0
2012-02-18 11:00:00,12.0,11.975577,9.035465,14.987399,9.035465,14.992424,False,0.026182804,normal,0.0
2012-02-18 12:00:00,12.0,11.988332,7.968292,13.998351,6.9998937,15.00839,False,0.30491978,normal,0.0
2012-02-18 13:00:00,13.0,12.013838,8.9923935,15.058671,8.9923935,24.037758,False,0.61924106,normal,0.0
2012-02-18 14:00:00,11.0,12.026592,9.00194,18.00388,5.967566,23.98153,False,0.68081325,normal,0.0
2012-02-18 15:00:00,12.0,11.030058,6.967681,16.004398,3.0127199,27.981754,False,0.25906458,normal,0.0
2012-02-18 16:00:00,11.0,12.005284,6.002642,35.945343,1.3780664e-07,43.89884,False,0.278445,normal,0.0
2012-02-18 17:00:00,55.0,11.016007,6.01532,30.004124,3.9860554,36.049553,True,8.5913,high,1.0
2012-02-18 18:00:00,14.0,16.48804,5.0164957,51.935482,3.9836879,59.97663,False,0.5363267,normal,0.0
2012-02-18 19:00:00,32.0,14.029509,8.016862,23.035498,4.973424,26.084522,True,5.0072827,high,0.5968918800354004
2012-02-18 20:00:00,15.0,16.000961,6.976723,36.170948,5.9859524,43.98369,False,0.43239012,normal,0.0
2012-02-18 21:00:00,20.0,14.984573,9.035923,32.00223,4.964864,33.96039,False,0.8799924,normal,0.0
2012-02-18 22:00:00,18.0,16.969696,8.99053,30.0,8.020076,32.019745,False,0.110918224,normal,0.0
2012-02-18 23:00:00,17.0,17.021015,7.978602,30.01474,6.0029473,39.989147,False,0.06727108,normal,0.0
2012-02-19 00:00:00,13.0,15.01451,8.968693,21.974924,7.0068984,25.9995,False,0.7700461,normal,0.0
2012-02-19 01:00:00,9.0,11.989859,7.0259047,16.955723,2.973409,25.97562,False,1.1358212,normal,0.0
2012-02-19 02:00:00,10.0,9.029509,5.9686584,15.992943,5.9587107,28.01674,False,0.0631185,normal,0.0
2012-02-19 03:00:00,9.0,9.987475,5.9924855,13.982467,1.4639227e-07,16.019566,False,0.28553832,normal,0.0
2012-02-19 04:00:00,11.0,9.997403,6.9981823,14.996105,1.4653779e-07,22.671694,False,0.025251498,normal,0.0
2012-02-19 05:00:00,11.0,11.018985,8.013807,18.031067,3.9868696,19.037807,False,0.16167782,normal,0.0
2012-02-19 06:00:00,11.0,11.029905,9.024468,14.038062,6.016312,26.080338,False,0.25160488,normal,0.0
2012-02-19 07:00:00,12.0,10.985306,8.973912,14.0023985,1.474109e-07,27.927822,False,0.37831506,normal,0.0
2012-02-19 08:00:00,11.0,11.0178385,9.000488,13.046833,6.9730515,18.09107,False,0.20995058,normal,0.0
2012-02-19 09:00:00,11.0,10.961785,9.018207,13.99377,6.9918313,36.61102,False,0.092565306,normal,0.0
2012-02-19 10:00:00,11.0,10.972552,8.01541,12.995861,5.992103,13.005987,False,0.21836782,normal,0.0
2012-02-19 11:00:00,12.0,10.994089,8.943419,14.035008,7.0073676,17.003027,False,0.937149,normal,0.0
2012-02-19 12:00:00,11.0,11.026393,8.993158,12.981428,7.9667645,20.03951,False,0.12891057,normal,0.0
2012-02-19 13:00:00,11.0,10.969575,6.973516,13.032256,5.0095696,14.07519,False,0.044207707,normal,0.0
2012-02-19 14:00:00,11.0,10.990957,9.002772,13.0556965,5.96652,31.972322,False,0.029408867,normal,0.0
2012-02-19 15:00:00,12.0,11.0123415,8.023277,28.130653,6.993231,33.991177,False,0.11657408,normal,0.0
2012-02-19 16:00:00,8.0,12.025905,7.990897,36.002552,1.5075784e-07,40.033604,False,0.85203594,normal,0.0
2012-02-19 17:00:00,31.0,9.988087,3.9397452,34.007057,1.9718546,40.091522,False,2.7245064,normal,0.0
2012-02-19 18:00:00,6.0,9.985108,3.9778075,25.025694,3.9579184,30.056007,False,0.9654123,normal,0.0
2012-02-19 19:00:00,8.0,6.9814577,3.0036507,24.07793,1.5468686e-07,31.99457,False,0.03731338,normal,0.0
2012-02-19 20:00:00,11.0,7.007728,3.96833,20.09427,1.5526894e-07,31.86072,False,0.8787364,normal,0.0
2012-02-19 21:00:00,19.0,9.969148,4.0040016,24.02401,3.9937873,31.9503,False,1.7192936,normal,0.0
2012-02-19 22:00:00,17.0,17.037664,4.962427,26.100313,3.9699416,30.052486,False,0.100798085,normal,0.0
2012-02-19 23:00:00,16.0,15.986682,6.0263934,23.017473,5.0169725,25.957443,False,0.15235741,normal,0.0
2012-02-20 00:00:00,13.0,11.993829,5.996915,19.004307,3.9697886,21.041157,False,0.14248487,normal,0.0
2012-02-20 01:00:00,8.0,11.029906,6.0240264,15.043104,3.9826446,17.997423,False,1.1315534,normal,0.0
2012-02-20 02:00:00,9.0,8.004185,4.0020924,12.006277,2.9802818,12.011391,False,0.58670217,normal,0.0
2012-02-20 03:00:00,8.0,8.964901,5.9766,11.014021,3.992796,12.038581,False,0.5349674,normal,0.0
2012-02-20 04:00:00,9.0,9.998397,5.958446,11.963893,1.6283593e-07,14.0447855,False,0.14731291,normal,0.0
2012-02-20 05:00:00,11.0,8.97292,7.0074234,11.963893,5.9772463,14.0199795,False,1.1182342,normal,0.0
2012-02-20 06:00:00,10.0,10.957967,7.9616475,13.012586,7.9616475,13.017727,False,0.88731086,normal,0.0
2012-02-20 07:00:00,11.0,10.967742,7.96875,13.024194,7.0210686,15.039988,False,0.19280052,normal,0.0
2012-02-20 08:00:00,11.0,10.977517,7.9758525,12.0066595,7.9711356,13.035802,False,0.39116174,normal,0.0
2012-02-20 09:00:00,10.0,10.987292,9.013014,12.961571,7.9829545,12.961571,False,0.90566474,normal,0.0
2012-02-20 10:00:00,10.0,9.95922,9.006598,12.037664,8.996639,12.990286,False,0.5692933,normal,0.0
2012-02-20 11:00:00,11.0,9.968002,7.9744015,11.961602,7.9744015,13.096746,False,0.46229157,normal,0.0
2012-02-20 12:00:00,12.0,9.985567,9.004375,11.982679,7.0333123,14.00978,True,1.4029585,high,0.005815600976347923
2012-02-20 13:00:00,10.0,10.959952,8.002504,12.986684,7.9925013,14.966429,False,0.7588341,normal,0.0
2012-02-20 14:00:00,11.0,10.9791975,8.016557,12.983337,6.012418,15.072516,False,0.19418168,normal,0.0
2012-02-20 15:00:00,9.0,10.24751,8.023582,12.994716,6.0076575,15.015887,False,1.0317367,normal,0.0
2012-02-20 16:00:00,13.0,8.998656,6.028226,24.174114,4.0188174,32.08285,False,0.5763232,normal,0.0
2012-02-20 17:00:00,36.0,31.001802,7.9919662,44.048046,5.9720187,59.983658,False,0.87321764,normal,0.0
2012-02-20 18:00:00,8.0,10.994014,4.9563174,21.046345,3.9600978,29.93843,False,0.73737425,normal,0.0
2012-02-20 19:00:00,9.0,9.042033,5.9428763,17.04877,3.978495,30.029507,False,0.28122407,normal,0.0
2012-02-20 20:00:00,12.0,12.036061,6.9433594,20.049562,4.9723415,32.05576,False,0.10282649,normal,0.0
2012-02-20 21:00:00,19.0,18.009073,10.980532,26.015379,7.9890256,28.024128,False,0.21517198,normal,0.0
2012-02-20 22:00:00,15.0,17.038582,11.973057,23.02511,9.020778,24.964289,False,0.86133015,normal,0.0
2012-02-20 23:00:00,15.0,15.495556,10.021078,22.09048,8.99531,30.082739,False,0.13390462,normal,0.0
2012-02-21 00:00:00,14.0,13.003651,8.980939,17.026363,8.045424,20.070108,False,0.22889766,normal,0.0
2012-02-21 01:00:00,9.0,9.981214,6.026393,14.053745,4.985428,14.97182,False,0.41795066,normal,0.0
2012-02-21 02:00:00,8.0,8.981702,5.9562864,10.967131,5.9562864,12.026991,False,0.63951707,normal,0.0
2012-02-21 03:00:00,8.0,7.954546,5.9659095,10.984849,5.9611745,10.984849,False,0.26963794,normal,0.0
2012-02-21 04:00:00,10.0,9.010722,7.9673753,11.002566,7.957416,11.007314,False,0.9630287,normal,0.0
2012-02-21 05:00:00,13.0,11.011425,7.9737906,13.004872,7.9737906,13.0196,False,2.2881553,normal,0.0
2012-02-21 06:00:00,11.0,11.999175,9.046997,15.046584,7.99945,16.00891,False,0.6376507,normal,0.0
2012-02-21 07:00:00,11.0,10.960411,10.007332,12.961877,8.958944,14.020282,False,0.38517475,normal,0.0
2012-02-21 08:00:00,11.0,10.986758,10.031388,12.995424,8.98048,14.999312,False,0.010110316,normal,0.0
2012-02-21 09:00:00,12.0,10.995541,8.987659,12.047288,8.987659,13.003422,False,1.5005103,normal,0.0
2012-02-21 10:00:00,11.0,11.021888,9.943659,13.03458,9.009195,13.993006,False,0.19990657,normal,0.0
2012-02-21 11:00:00,12.0,11.039453,9.983504,12.959357,9.023552,12.98482,False,0.7605068,normal,0.0
2012-02-21 12:00:00,11.0,12.0184965,9.999389,12.979976,9.994581,14.047709,False,0.5884207,normal,0.0
2012-02-21 13:00:00,12.0,10.978282,9.988791,13.000596,8.951151,13.005416,False,0.9313926,normal,0.0
2012-02-21 14:00:00,11.0,11.004399,8.977273,13.031526,8.00184,13.036357,False,0.035292003,normal,0.0
2012-02-21 15:00:00,10.0,11.0218115,8.024652,17.340134,8.019334,35.965908,False,0.46974376,normal,0.0
2012-02-21 16:00:00,16.0,11.030518,5.9990535,37.9295,5.031464,39.98129,False,0.2930264,normal,0.0
2012-02-21 17:00:00,64.0,33.001892,9.973366,53.970226,9.021649,56.026066,True,3.1530013,high,0.22796566784381866
2012-02-21 18:00:00,69.0,10.531677,5.961327,22.084278,4.9677725,36.075974,True,12.466841,high,1.0
2012-02-21 19:00:00,71.0,14.03157,6.0283785,45.940403,6.0283785,67.994934,True,4.556395,high,0.6278708577156067
2012-02-21 20:00:00,70.0,18.977577,12.010096,75.91302,9.976785,84.04356,False,1.356731,normal,0.0
2012-02-21 21:00:00,89.0,72.02804,67.919395,78.0022,22.994867,78.0022,True,2.6968818,high,1.0
2012-02-21 22:00:00,77.0,73.48241,18.01732,88.01404,16.95748,89.96884,False,0.41391468,normal,0.0
2012-02-21 23:00:00,50.0,75.86606,69.81389,80.09036,68.95803,81.06237,True,8.414775,low,1.0
2012-02-22 00:00:00,11.0,19.965786,9.982895,51.792503,9.977903,52.045826,False,1.0370204,normal,0.0
2012-02-22 01:00:00,10.0,8.968109,5.9787397,12.953935,4.9573717,15.031006,False,0.34783468,normal,0.0
2012-02-22 02:00:00,10.0,8.957112,7.961877,10.972471,7.9569006,11.947796,False,0.74055374,normal,0.0
2012-02-22 03:00:00,9.0,8.957112,7.961877,10.972471,7.9519243,11.947796,False,0.5103187,normal,0.0
2012-02-22 04:00:00,11.0,9.952347,7.961877,11.942815,7.9519243,12.938049,False,0.9704181,normal,0.0
2012-02-22 05:00:00,13.0,10.947581,9.952347,14.057689,8.957112,18.04859,False,1.2351477,normal,0.0
2012-02-22 06:00:00,11.0,10.954301,9.958456,12.9459915,9.958456,13.941837,False,0.49090746,normal,0.0
2012-02-22 07:00:00,11.0,10.940862,9.946238,13.054437,9.946238,13.054437,False,0.49913773,normal,0.0
2012-02-22 08:00:00,12.0,11.058392,9.940127,13.046417,9.940127,14.050379,False,0.81482685,normal,0.0
2012-02-22 09:00:00,12.0,11.058392,9.940127,12.077264,9.940127,13.056367,False,0.8922813,normal,0.0
2012-02-22 10:00:00,11.0,12.044997,10.058193,13.038399,10.058193,13.083767,False,0.64614165,normal,0.0
2012-02-22 11:00:00,12.0,12.03759,11.044799,12.062419,10.052008,13.050256,False,0.5125384,normal,0.0
2012-02-22 12:00:00,11.0,12.03759,10.052008,13.03038,10.052008,14.02317,False,0.98077536,normal,0.0
2012-02-22 13:00:00,11.0,11.038001,10.045821,13.022361,9.053641,15.998899,False,0.4887606,normal,0.0
2012-02-22 14:00:00,12.0,11.024408,10.03345,13.006325,10.028496,16.07901,False,0.36522943,normal,0.0
2012-02-22 15:00:00,11.0,10.039636,8.056498,14.005911,6.9366446,16.088923,False,0.17000337,normal,0.0
2012-02-22 16:00:00,7.0,12.015367,6.0665216,38.028015,5.9457483,40.089905,False,0.9072595,normal,0.0
2012-02-22 17:00:00,4.0,10.008706,4.942571,48.415695,3.9540567,64.00629,True,0.97759074,low,0.02168169803917408
2012-02-22 18:00:00,7.0,5.504796,2.9917371,14.103085,2.0343814,30.08675,False,0.21069711,normal,0.0
2012-02-22 19:00:00,6.0,7.9820385,4.0505867,20.014664,4.049991,32.10691,False,0.56035835,normal,0.0
2012-02-22 20:00:00,4.0,9.020497,5.0110626,20.969728,3.983077,24.085382,True,1.4589429,low,0.06335508078336716
2012-02-22 21:00:00,5.0,6.978556,3.954515,21.078156,3.0089207,28.03053,False,0.8428714,normal,0.0
2012-02-22 22:00:00,7.0,5.9885144,4.030731,16.03368,2.9844682,24.995718,False,0.12960331,normal,0.0
2012-02-22 23:00:00,9.0,6.973745,4.001329,13.94749,3.9961843,15.016455,False,0.7680687,normal,0.0
2012-02-23 00:00:00,8.0,8.983306,3.9799461,16.033495,2.9519827,20.043604,False,0.38662454,normal,0.0
2012-02-23 01:00:00,9.0,8.046494,4.9865594,10.993096,4.9814596,10.993096,False,0.8312454,normal,0.0
2012-02-23 02:00:00,7.0,8.046494,4.9865594,11.018605,4.9865594,14.062673,False,1.0912566,normal,0.0
2012-02-23 03:00:00,7.0,7.0123105,4.9764786,9.952957,3.9585626,10.070587,False,0.28161806,normal,0.0
2012-02-23 04:00:00,9.0,8.019382,5.9862995,10.981482,4.9697585,11.977687,False,0.5097518,normal,0.0
2012-02-23 05:00:00,10.0,11.054039,9.0237055,15.00191,8.008539,17.037325,False,0.9206133,normal,0.0
2012-02-23 06:00:00,10.0,10.032075,8.003117,12.962793,6.9886365,13.98235,False,0.3273117,normal,0.0
2012-02-23 07:00:00,11.0,11.03907,8.986141,12.052862,7.997694,13.977951,False,0.32840857,normal,0.0
2012-02-23 08:00:00,10.0,11.031587,10.018482,12.044691,9.000311,12.044691,True,1.5410519,low,0.009121567010879517
2012-02-23 09:00:00,11.0,11.024102,10.011685,12.03652,8.999268,12.03652,False,0.18864182,normal,0.0
2012-02-23 10:00:00,11.0,11.024102,10.011685,12.03652,7.98685,13.048937,False,0.13187355,normal,0.0
2012-02-23 11:00:00,10.0,11.024102,10.011685,12.03652,7.98685,12.041587,True,1.6486751,low,0.005771022289991379
2012-02-23 12:00:00,10.0,11.009134,8.987049,12.020177,7.9760056,13.046401,False,1.0156252,normal,0.0
2012-02-23 13:00:00,10.0,11.00165,8.980939,12.012006,7.9705834,13.067309,False,0.48374498,normal,0.0
2012-02-23 14:00:00,12.0,9.984497,6.9554925,12.003834,6.950444,13.0281,False,1.5654246,normal,0.0
2012-02-23 15:00:00,8.0,8.980939,5.938646,18.972233,4.0414224,30.236158,False,0.40286112,normal,0.0
2012-02-23 16:00:00,7.0,6.045638,4.005235,21.123373,2.0152128,32.05927,False,0.13965052,normal,0.0
2012-02-23 17:00:00,6.0,6.0415144,4.002503,14.13608,2.1318556e-07,27.980051,False,0.27147338,normal,0.0
2012-02-23 18:00:00,6.0,6.048387,3.9589446,11.986804,2.9692085,22.04422,False,0.16205764,normal,0.0
2012-02-23 19:00:00,4.0,6.048387,2.9692085,9.042348,2.9642599,12.0066185,False,1.0904884,normal,0.0
2012-02-23 20:00:00,6.0,5.044599,2.9609606,8.992547,2.9587674,15.024132,False,0.2769916,normal,0.0
2012-02-23 21:00:00,8.0,6.010585,4.043484,13.00472,3.4943357,13.993193,False,0.5981689,normal,0.0
2012-02-23 22:00:00,6.0,9.000794,5.9643817,14.965177,4.9835124,18.021671,False,1.2701609,normal,0.0
2012-02-23 23:00:00,7.0,7.962641,4.9497495,13.019993,3.9813204,14.956851,False,0.43992233,normal,0.0
2012-02-24 00:00:00,4.0,8.018695,5.0250487,12.001324,3.9558897,14.973581,True,2.168702,low,0.14693351089954376
2012-02-24 01:00:00,6.0,5.948803,2.018344,9.053343,2.018344,12.969993,False,0.11926044,normal,0.0
2012-02-24 02:00:00,4.0,6.046325,3.6940928,9.971132,2.0053647,11.036669,False,1.2654884,normal,0.0
2012-02-24 03:00:00,4.0,6.0245605,3.4746916,8.032747,2.954677,10.045694,False,1.1255807,normal,0.0
2012-02-24 04:00:00,6.0,6.0071483,2.95088,10.011913,1.9971136,12.024319,False,0.24230723,normal,0.0
2012-02-24 05:00:00,9.0,7.045684,3.9960594,13.039773,1.99803,13.986734,False,0.70748943,normal,0.0
2012-02-24 06:00:00,8.0,9.030578,5.9853835,11.997028,3.98028,13.965895,False,0.70230234,normal,0.0
2012-02-24 07:00:00,9.0,9.017443,5.9766774,11.033269,5.971959,13.017113,False,0.0428116,normal,0.0
2012-02-24 08:00:00,8.0,10.051319,7.957295,12.040644,7.9525833,12.982955,False,1.5740598,normal,0.0
2012-02-24 09:00:00,8.0,8.984604,6.999634,10.969575,6.999634,10.969575,False,1.1994288,normal,0.0
2012-02-24 10:00:00,10.0,8.032595,6.9763603,10.038143,6.0353994,11.996732,False,1.468447,normal,0.0
2012-02-24 11:00:00,8.0,8.971469,6.9894004,10.979628,6.9894004,13.998641,False,0.9366744,normal,0.0
2012-02-24 12:00:00,8.0,8.951766,6.97405,11.970385,6.0372376,14.056879,False,0.8742813,normal,0.0
2012-02-24 13:00:00,8.0,7.991431,6.01952,11.001192,6.01952,14.030689,False,0.49760365,normal,0.0
2012-02-24 14:00:00,9.0,9.015991,6.010661,12.021322,4.9743404,12.959199,False,0.063069165,normal,0.0
2012-02-24 15:00:00,4.0,7.96791,4.035695,13.061689,4.035695,19.06506,True,1.5886453,low,0.00395469693467021
2012-02-24 16:00:00,38.0,4.948681,2.9640536,10.000459,1.9645086e-07,24.95721,True,2.1511102,high,1.0
2012-02-24 17:00:00,44.0,65.83921,3.9902556,75.922485,3.9902556,76.129875,False,0.17005068,normal,0.0
2012-02-24 18:00:00,2.0,42.03583,6.9470024,60.19154,4.0134716,78.05146,True,2.8615503,low,0.09291098266839981
2012-02-24 19:00:00,4.0,1.99803,2.0037987e-07,40.065754,2.0037987e-07,44.12181,False,0.14190184,normal,0.0
2012-02-24 20:00:00,2.0,5.029326,1.990775,24.342588,1.9965228e-07,44.046978,False,0.5955548,normal,0.0
2012-02-24 21:00:00,4.0,3.9525294,1.9819709e-07,10.011351,1.9819709e-07,37.965603,False,0.07761868,normal,0.0
2012-02-24 22:00:00,10.0,5.0405517,1.9544998,11.006919,1.9544998,23.987902,False,1.5454447,normal,0.0
2012-02-24 23:00:00,15.0,7.993952,2.0497313,26.180248,2.044607,50.063705,False,0.7755249,normal,0.0
2012-02-25 00:00:00,12.0,10.043683,3.9969761,18.037634,2.9674985,38.11279,False,0.20353691,normal,0.0
2012-02-25 01:00:00,7.0,10.028715,4.988774,15.043072,2.0466766,16.084436,False,1.0288249,normal,0.0
2012-02-25 02:00:00,8.0,7.0504947,3.9850626,11.9807415,3.9651372,17.099016,False,0.24861503,normal,0.0
2012-02-25 03:00:00,6.0,7.9701247,4.994101,11.058557,3.9799535,13.99932,False,1.0404577,normal,0.0
2012-02-25 04:00:00,9.0,7.9582114,3.979106,12.039346,1.0151823,12.049559,False,0.49155438,normal,0.0
2012-02-25 05:00:00,10.0,9.991295,7.0091987,12.0303335,4.99055,13.164661,False,0.11253406,normal,0.0
2012-02-25 06:00:00,10.0,9.9688425,8.010676,12.0033,5.996564,14.037756,False,0.16477725,normal,0.0
2012-02-25 07:00:00,9.0,9.961358,8.030073,11.9942875,5.9920616,13.010753,False,0.9565906,normal,0.0
2012-02-25 08:00:00,10.0,10.047883,8.018007,11.976265,8.012933,12.991202,False,0.37398985,normal,0.0
2012-02-25 09:00:00,11.0,10.040322,8.011974,11.967253,6.9978004,11.967253,False,1.135889,normal,0.0
2012-02-25 10:00:00,9.0,11.046173,8.005941,12.971652,8.005941,13.985063,False,1.4861571,normal,0.0
2012-02-25 11:00:00,10.0,10.017641,7.993875,12.041407,7.993875,12.041407,False,0.080961175,normal,0.0
2012-02-25 12:00:00,10.0,10.002521,7.9818087,11.038144,7.9818087,12.028288,False,0.25720945,normal,0.0
2012-02-25 13:00:00,11.0,9.99496,7.9757757,12.014143,7.970728,12.019196,False,0.8935923,normal,0.0
2012-02-25 14:00:00,9.0,10.996228,6.9609146,13.036591,6.9558706,43.96431,False,0.43340468,normal,0.0
2012-02-25 15:00:00,7.0,6.9503756,3.0219026,15.917871,2.0146017,27.942562,False,0.17280228,normal,0.0
2012-02-25 16:00:00,62.0,6.030059,2.0100195,12.711099,2.0100195,45.439518,True,8.81006,high,1.0
2012-02-25 17:00:00,50.0,61.57625,3.9031227,76.03419,1.9762648,87.99578,False,0.10253581,normal,0.0
2012-02-25 18:00:00,8.0,8.029692,1.9559509,51.781223,1.0243007,52.077274,False,0.66383046,normal,0.0
2012-02-25 19:00:00,10.0,5.995464,4.029738,11.990928,1.9657259,38.086475,False,0.673809,normal,0.0
2012-02-25 20:00:00,6.0,8.98827,4.962274,15.919068,4.9575925,17.050102,False,1.3046105,normal,0.0
2012-02-25 21:00:00,43.0,7.0104775,3.9933105,12.958293,3.0171678,15.983457,True,15.581981,high,1.0
2012-02-25 22:00:00,15.0,9.971591,4.005682,76.02273,1.9602275,78.380585,False,0.23615953,normal,0.0
2012-02-25 23:00:00,16.0,11.993372,6.978693,21.976444,4.9905305,30.013681,False,0.80429584,normal,0.0
2012-02-26 00:00:00,11.0,11.995968,5.997984,21.03189,3.9726906,23.991936,False,0.336485,normal,0.0
2012-02-26 01:00:00,6.0,9.9706745,5.9726677,15.033907,4.980274,15.998677,False,1.6903934,normal,0.0
2012-02-26 02:00:00,6.0,6.983138,3.4547133,11.0178385,2.017351,12.026515,False,0.41844228,normal,0.0
2012-02-26 03:00:00,6.0,7.0329304,4.0188174,10.9744625,4.013794,11.984196,False,0.38330188,normal,0.0
2012-02-26 04:00:00,8.0,8.013807,4.006904,12.020711,4.0018954,13.037478,False,0.059201833,normal,0.0
2012-02-26 05:00:00,11.0,9.987475,5.9924855,12.983719,4.983751,13.982467,False,0.97649986,normal,0.0
2012-02-26 06:00:00,9.0,10.964381,7.9740953,12.037817,3.987048,13.955051,False,1.1668434,normal,0.0
2012-02-26 07:00:00,9.0,10.024285,6.963435,11.019062,6.044797,12.028774,False,0.54156727,normal,0.0
2012-02-26 08:00:00,10.0,10.004277,8.018696,10.997068,7.0259047,11.989859,False,0.40300173,normal,0.0
2012-02-26 09:00:00,10.0,9.984268,8.002658,11.965878,7.997704,11.965878,False,0.26398027,normal,0.0
2012-02-26 10:00:00,9.0,9.96426,7.9866204,12.0179615,6.9928565,12.0179615,False,0.8297593,normal,0.0
2012-02-26 11:00:00,10.0,10.020162,7.9705834,11.99383,7.965649,11.99383,False,0.3229186,normal,0.0
2012-02-26 12:00:00,10.0,10.0,8.003788,10.984849,6.9647727,10.989778,False,0.13457313,normal,0.0
2012-02-26 13:00:00,10.0,9.98992,8.022208,12.08063,4.011104,14.010873,False,0.2786295,normal,0.0
2012-02-26 14:00:00,10.0,8.014113,4.9899197,10.962702,4.9899197,12.026088,False,1.0695882,normal,0.0
2012-02-26 15:00:00,6.0,7.0170455,3.9989617,11.740613,3.0180843,45.971104,False,0.2659909,normal,0.0
2012-02-26 16:00:00,28.0,8.032517,2.9784126,66.063705,2.0268972,66.21197,False,0.09554508,normal,0.0
2012-02-26 17:00:00,41.0,44.01087,4.98381,60.035736,1.993524,66.01631,False,0.008793967,normal,0.0
2012-02-26 18:00:00,38.0,5.9624724,1.987491,20.081627,1.028328,28.024055,True,5.9882603,high,0.990286111831665
2012-02-26 19:00:00,36.0,5.9762955,1.9648095,37.986317,1.9598975,40.032993,False,3.689971,normal,0.0
2012-02-26 20:00:00,6.0,14.980145,3.9554315,42.07906,3.024643,48.054283,False,0.9546421,normal,0.0
2012-02-26 21:00:00,4.0,6.997801,3.96261,38.07269,2.0234606,41.996933,False,0.6869402,normal,0.0
2012-02-26 22:00:00,5.0,6.9914618,1.9963572,34.079185,1.6050762e-07,43.97082,False,0.55149406,normal,0.0
2012-02-26 23:00:00,14.0,5.9698043,2.017962,21.995804,2.017962,32.011242,False,1.2542464,normal,0.0
2012-02-27 00:00:00,11.0,10.980266,4.9833517,17.990744,3.9600751,21.066519,False,0.042367205,normal,0.0
2012-02-27 01:00:00,6.0,7.0294933,3.9551487,12.026361,2.0224617,12.036111,False,0.58033156,normal,0.0
2012-02-27 02:00:00,4.0,5.996915,2.9562256,9.060841,2.0169904,10.055817,False,1.2026232,normal,0.0
2012-02-27 03:00:00,6.0,4.9698343,2.0216277,8.002275,2.0115194,8.002275,False,0.8066311,normal,0.0
2012-02-27 04:00:00,7.0,7.995021,4.03959,10.014815,4.03959,11.029768,False,0.33334786,normal,0.0
2012-02-27 05:00:00,9.0,8.988575,6.9724464,12.012768,5.9547215,12.022859,False,0.35808882,normal,0.0
2012-02-27 06:00:00,9.0,8.980405,6.940929,10.9947,5.95896,12.01151,False,0.1578026,normal,0.0
2012-02-27 07:00:00,9.0,8.972233,6.9597692,10.984696,6.9551573,10.984696,False,0.19201322,normal,0.0
2012-02-27 08:00:00,10.0,9.03959,8.035191,10.964688,8.030169,10.969715,False,1.2798669,normal,0.0
2012-02-27 09:00:00,8.0,9.03959,8.035191,10.964688,7.02577,11.969086,True,1.4738616,low,0.01201249286532402
2012-02-27 10:00:00,9.0,9.014847,7.011547,11.018146,6.0098977,11.023159,False,0.044339504,normal,0.0
2012-02-27 11:00:00,9.0,8.99835,7.973538,10.997984,5.9989004,11.002988,False,0.03121866,normal,0.0
2012-02-27 12:00:00,10.0,8.990103,7.9912024,10.987904,6.9923024,11.986805,False,0.70779824,normal,0.0
2012-02-27 13:00:00,9.0,9.989003,7.9912024,11.986805,6.9823136,12.006803,False,0.7317334,normal,0.0
2012-02-27 14:00:00,9.0,8.981855,5.9879036,11.975807,2.978982,11.985797,False,0.021116316,normal,0.0
2012-02-27 15:00:00,8.0,5.971408,1.9904693,7.963951,1.9904693,10.07513,True,1.5046252,high,0.006034819409251213
2012-02-27 16:00:00,36.0,27.990974,3.9560578,55.98195,2.985704,60.045822,False,0.6758051,normal,0.0
2012-02-27 17:00:00,60.0,41.298187,25.034367,52.027203,5.960563,52.06641,True,2.4579105,high,0.29536715149879456
2012-02-27 18:00:00,18.0,34.0137,3.0353434,44.012478,1.9640458,45.99663,False,0.5090728,normal,0.0
2012-02-27 19:00:00,5.0,8.523071,2.9763105,30.033678,2.97135,37.980434,False,0.8064199,normal,0.0
2012-02-27 20:00:00,7.0,4.964718,1.9858872,14.01631,1.7200364e-07,36.02671,False,0.229115,normal,0.0
2012-02-27 21:00:00,6.0,5.962702,1.9875674,32.081177,1.9875674,40.04227,False,0.22084743,normal,0.0
2012-02-27 22:00:00,6.0,9.019123,2.9763105,18.08787,1.984207,28.069332,False,0.71729696,normal,0.0
2012-02-27 23:00:00,14.0,11.995433,3.9436114,18.038246,1.9792465,21.014555,False,0.70782435,normal,0.0
2012-02-28 00:00:00,12.0,10.977822,5.962954,15.967741,3.981956,17.9737,False,0.29376116,normal,0.0
2012-02-28 01:00:00,9.0,7.03293,3.9936998,9.955707,3.0090895,11.965115,False,1.3227915,normal,0.0
2012-02-28 02:00:00,8.0,6.043347,4.028898,9.980679,4.0238614,9.981137,False,0.9264728,normal,0.0
2012-02-28 03:00:00,8.0,6.9822216,4.042339,10.013975,3.031754,10.019033,False,0.7603573,normal,0.0
2012-02-28 04:00:00,9.0,9.033328,5.9914927,11.9829855,4.977548,14.01595,False,0.20904447,normal,0.0
2012-02-28 05:00:00,12.0,9.979839,8.039314,12.03819,8.034232,14.045699,False,1.6562291,normal,0.0
2012-02-28 06:00:00,11.0,10.004582,7.966612,13.987888,7.966612,16.025858,False,0.4218361,normal,0.0
2012-02-28 07:00:00,10.0,10.029326,7.986315,14.022484,6.9448442,14.042469,False,0.16469555,normal,0.0
2012-02-28 08:00:00,10.0,10.037573,7.9928823,11.989324,6.970537,11.989324,False,0.117608994,normal,0.0
2012-02-28 09:00:00,11.0,9.960977,8.006018,12.009027,6.9819927,12.029061,False,0.9106275,normal,0.0
2012-02-28 10:00:00,11.0,9.985491,8.025721,12.038582,7.9226,12.517804,False,0.7845532,normal,0.0
2012-02-28 11:00:00,11.0,11.021047,8.966275,11.978393,8.961605,14.009806,False,0.24075739,normal,0.0
2012-02-28 12:00:00,11.0,10.954453,8.98827,11.98436,7.9583635,14.044171,False,0.26028487,normal,0.0
2012-02-28 13:00:00,12.0,10.981259,10.016879,13.050806,9.005101,13.994545,False,1.1138278,normal,0.0
2012-02-28 14:00:00,11.0,11.017,7.9779086,14.053745,6.95813,14.977004,False,0.011504212,normal,0.0
2012-02-28 15:00:00,9.0,8.959937,6.03381,15.022051,4.998702,36.088326,False,0.07950949,normal,0.0
2012-02-28 16:00:00,35.0,28.030304,5.01894,56.060608,5.0137315,60.03788,False,0.5451497,normal,0.0
2012-02-28 17:00:00,47.0,46.997765,32.874817,66.033035,31.93014,69.91662,False,0.059241805,normal,0.0
2012-02-28 18:00:00,15.0,22.964016,3.9535987,50.049736,1.9886366,53.977272,False,0.5743352,normal,0.0
2012-02-28 19:00:00,14.0,6.9853525,2.0094852,33.972256,1.823355e-07,35.989883,False,0.72689503,normal,0.0
2012-02-28 20:00:00,4.0,8.970171,2.9659436,22.042042,2.0255225,36.0172,False,1.0711669,normal,0.0
2012-02-28 21:00:00,6.0,5.023522,2.9947917,25.095898,2.0234165,40.014782,False,0.08060196,normal,0.0
2012-02-28 22:00:00,54.0,5.9990535,3.9671159,14.997633,3.9671159,22.100742,True,14.47232,high,1.0
2012-02-28 23:00:00,15.0,15.017871,6.0071483,50.10965,4.0047655,54.193516,False,0.26318365,normal,0.0
2012-02-29 00:00:00,12.0,12.014297,5.9821186,18.021444,5.000951,24.048637,False,0.18461843,normal,0.0
2012-02-29 01:00:00,9.0,8.009531,4.980927,12.064374,4.0047655,14.0267,False,0.47776958,normal,0.0
2012-02-29 02:00:00,6.0,7.0190306,4.010875,10.052264,4.0058618,11.034924,False,0.6801101,normal,0.0
2012-02-29 03:00:00,6.0,6.0071483,4.0047655,10.011913,3.9947536,12.014297,False,0.34492669,normal,0.0
2012-02-29 04:00:00,8.0,8.009531,5.9821186,11.013105,5.0059566,14.0267,False,0.18763126,normal,0.0
2012-02-29 05:00:00,10.0,10.004276,8.003422,12.005132,6.0025663,14.005986,False,0.30910528,normal,0.0
2012-02-29 06:00:00,10.0,10.004276,8.003422,12.005132,7.99842,12.005132,False,0.14990526,normal,0.0
2012-02-29 07:00:00,9.0,10.004276,9.003849,11.029724,8.003422,12.005132,True,1.1501921,low,0.0018999334424734116
2012-02-29 08:00:00,10.0,10.004276,9.003849,12.005132,7.9934177,12.005132,False,0.14283629,normal,0.0
2012-02-29 09:00:00,10.0,10.004276,8.003422,12.005132,6.997991,12.005132,False,0.12076158,normal,0.0
2012-02-29 10:00:00,10.0,9.99664,8.996977,11.995968,7.9973125,11.99897,False,0.08988651,normal,0.0
2012-02-29 11:00:00,10.0,10.004276,9.003849,12.005132,8.003422,12.020153,False,0.21894002,normal,0.0
2012-02-29 12:00:00,9.0,10.004276,9.003849,12.005132,8.003422,12.045188,True,1.3342701,low,0.0012824611039832234
2012-02-29 13:00:00,10.0,9.99664,8.289714,11.995968,7.9948134,11.995968,False,0.16604777,normal,0.0
2012-02-29 14:00:00,10.0,9.989003,7.991203,10.987904,5.9884076,11.986803,False,0.4208561,normal,0.0
2012-02-29 15:00:00,8.0,6.997648,4.99832,10.9963045,3.9986563,14.005301,False,0.3272221,normal,0.0
2012-02-29 16:00:00,7.0,32.013683,6.0025663,46.019672,5.002138,49.92184,False,2.210469,normal,0.0
2012-02-29 17:00:00,2.0,6.51729,4.025385,43.89826,2.9711175,47.92173,True,0.9612356,low,0.050796061754226685
2012-02-29 18:00:00,2.0,3.9636033,1.7564162e-07,37.88467,1.7564162e-07,39.93332,False,0.48988315,normal,0.0
2012-02-29 19:00:00,6.0,2.0178094,1.747685e-07,10.02256,1.747685e-07,28.014568,False,0.7233711,normal,0.0
2012-02-29 20:00:00,2.0,5.027722,2.0110888,19.039078,2.0010333,35.01626,True,0.827816,low,0.0006512129912152886
2012-02-29 21:00:00,2.0,3.0065525,1.7360435e-07,18.064379,1.7360435e-07,26.096457,False,0.522071,normal,0.0
2012-02-29 22:00:00,2.0,2.0234606,1.6763806e-07,16.01173,1.6763806e-07,24.197683,False,0.3295144,normal,0.0
2012-02-29 23:00:00,6.0,2.0006263,1.6574631e-07,9.009359,1.6574631e-07,16.074663,False,0.93997025,normal,0.0
2012-03-01 00:00:00,4.0,4.4834433,1.9830617,13.967651,1.6429112e-07,18.039843,False,0.43947983,normal,0.0
2012-03-01 01:00:00,7.0,4.027218,1.9707663,7.96875,1.9609125,10.025202,False,1.7334487,normal,0.0
2012-03-01 02:00:00,16.0,6.0033298,1.9725229,10.977517,1.0239967,13.984334,True,4.644903,high,0.5577440857887268
2012-03-01 03:00:00,7.0,12.027049,1.9900875,23.967573,1.9801371,30.02436,False,0.89215827,normal,0.0
2012-03-01 04:00:00,8.0,7.9673753,3.9836876,13.016276,1.991844,18.043104,False,0.1698179,normal,0.0
2012-03-01 05:00:00,10.0,9.95922,7.014755,13.016276,3.9836876,18.013197,False,0.18229476,normal,0.0
2012-03-01 06:00:00,10.0,10.0369625,7.9603496,12.027049,7.0033774,13.003947,False,0.121380486,normal,0.0
2012-03-01 07:00:00,10.0,9.95922,7.9673753,11.024432,7.962612,12.86422,False,0.052723806,normal,0.0
2012-03-01 08:00:00,9.0,9.968002,9.005873,11.0081415,7.9744015,11.961602,True,1.3846116,low,0.002933034673333168
2012-03-01 09:00:00,10.0,9.95922,7.9673753,11.024432,7.014755,12.047633,False,0.55392665,normal,0.0
2012-03-01 10:00:00,10.0,9.95922,8.980618,10.998442,7.9673753,11.951496,False,0.22852921,normal,0.0
2012-03-01 11:00:00,10.0,9.968002,9.014541,11.0081415,7.969634,11.961602,False,0.21029173,normal,0.0
2012-03-01 12:00:00,9.0,9.968002,9.014541,11.0081415,8.060647,11.961602,True,1.5487192,low,0.007293669506907463
2012-03-01 13:00:00,10.0,9.95922,7.9673753,10.998442,7.014755,11.003643,False,0.682618,normal,0.0
2012-03-01 14:00:00,10.0,9.95922,7.9673753,10.998442,5.9707685,11.003643,False,0.4758891,normal,0.0
2012-03-01 15:00:00,8.0,7.9673753,3.9836876,11.953229,1.9818848,12.052402,False,0.19320954,normal,0.0
2012-03-01 16:00:00,2.0,7.0271263,1.9953569,36.003174,1.9853802,40.0143,False,0.9082581,normal,0.0
2012-03-01 17:00:00,2.0,2.0344577,1.6152626e-07,9.010962,1.6152626e-07,17.991407,False,0.40424493,normal,0.0
2012-03-01 18:00:00,4.0,1.9629767,0.9814884,8.996976,1.5585101e-07,18.054127,False,0.3286945,normal,0.0
2012-03-01 19:00:00,2.0,1.9798541,1.9798541,9.978464,1.5090336e-07,18.067047,False,0.51714677,normal,0.0
2012-03-01 20:00:00,4.0,1.9915385,1.974304,6.9703846,1.4595571e-07,6.974985,False,0.9326424,normal,0.0
2012-03-01 21:00:00,0.0,1.9875673,1.9875673,9.020497,1.9776294,14.998503,True,1.5697243,low,0.28260868787765503
2012-03-01 22:00:00,2.0,1.9796251,1.450826e-07,8.068903,1.450826e-07,14.105227,False,0.05658303,normal,0.0
2012-03-01 23:00:00,13.0,1.9736683,1.4464604e-07,14.068116,1.4464604e-07,40.581837,False,0.7332496,normal,0.0
2012-03-02 00:00:00,11.0,6.976723,1.4450052e-07,26.109663,1.4450052e-07,44.540092,False,0.120307356,normal,0.0
2012-03-02 01:00:00,6.0,8.000482,1.9716827,16.025616,1.4450052e-07,22.031696,False,0.80832696,normal,0.0
2012-03-02 02:00:00,6.0,5.9908814,1.9603075,12.967605,1.4450052e-07,17.973024,False,0.23629002,normal,0.0
2012-03-02 03:00:00,6.0,6.9907746,4.0025983,11.042774,1.9657755,12.993722,False,0.5760753,normal,0.0
2012-03-02 04:00:00,8.0,7.978602,5.9535556,11.018069,4.021975,12.045827,False,0.0131268045,normal,0.0
2012-03-02 05:00:00,11.0,9.96426,7.9866204,12.0179615,6.9727,13.01173,False,0.9728599,normal,0.0
2012-03-02 06:00:00,9.0,9.984268,8.993463,11.965878,8.002658,11.965878,False,1.6567142,normal,0.0
2012-03-02 07:00:00,9.0,8.993463,8.002658,10.0090475,6.981747,10.975074,False,0.2212147,normal,0.0
2012-03-02 08:00:00,10.0,8.993463,8.002658,10.0090475,7.0068984,11.981135,False,0.76391137,normal,0.0
2012-03-02 09:00:00,10.0,9.984268,8.993463,10.975074,8.993463,10.975074,False,0.3629041,normal,0.0
2012-03-02 10:00:00,10.0,10.004277,9.011486,10.997068,8.018696,10.997068,False,0.15041783,normal,0.0
2012-03-02 11:00:00,9.0,10.014281,9.020497,11.008065,9.020497,11.008065,True,1.7795384,low,0.010312761180102825
2012-03-02 12:00:00,10.0,10.014281,9.020497,10.014281,8.026714,11.008065,False,0.8157799,normal,0.0
2012-03-02 13:00:00,10.0,10.014281,9.020497,11.008065,9.020497,12.001847,False,0.007980171,normal,0.0
2012-03-02 14:00:00,10.0,10.024285,8.034733,11.019062,3.9791057,16.003283,False,0.1001818,normal,0.0
2012-03-02 15:00:00,8.0,7.9661536,3.9581828,12.025828,1.9915385,27.968487,False,0.023583794,normal,0.0
2012-03-02 16:00:00,21.0,3.983077,1.4595571e-07,8.961923,1.4595571e-07,10.049241,True,6.9676695,high,1.0
2012-03-02 17:00:00,31.0,14.034091,2.0372071,50.881134,2.0372071,59.984425,False,1.1256618,normal,0.0
2012-03-02 18:00:00,6.0,10.985612,2.9771008,28.075598,1.9675232,41.9654,False,0.8555871,normal,0.0
2012-03-02 19:00:00,8.0,6.002642,1.3780664e-07,27.99003,1.3780664e-07,34.00064,False,0.17962858,normal,0.0
2012-03-02 20:00:00,9.0,6.021658,1.382432e-07,17.992424,1.382432e-07,43.96536,False,0.4416416,normal,0.0
2012-03-02 21:00:00,9.0,6.979472,2.0356796,20.08962,2.0255013,28.010603,False,0.18981414,normal,0.0
2012-03-02 22:00:00,8.0,9.991676,3.9857304,29.975029,1.9593168,30.077892,False,0.62137735,normal,0.0
2012-03-02 23:00:00,8.0,10.012601,3.9940774,21.998487,1.9732865,26.018145,False,0.6107592,normal,0.0
2012-03-03 00:00:00,6.0,7.988911,2.0335412,18.011364,2.0233736,21.01413,False,0.7586676,normal,0.0
2012-03-03 01:00:00,9.0,7.000321,2.0207112,16.021353,2.0207112,23.959862,False,0.41358718,normal,0.0
2012-03-03 02:00:00,8.0,8.010676,4.9543505,18.090796,2.0207112,24.020182,False,0.25091264,normal,0.0
2012-03-03 03:00:00,8.0,8.010676,3.969254,10.97138,2.0207112,14.01545,False,0.03680218,normal,0.0
2012-03-03 04:00:00,8.0,9.021032,5.9899654,15.95099,5.9899654,18.072044,False,0.67045784,normal,0.0
2012-03-03 05:00:00,11.0,10.020772,6.967681,11.967253,5.021199,12.05919,False,1.1863185,normal,0.0
2012-03-03 06:00:00,10.0,10.010158,7.993723,12.026592,7.9836407,15.997538,False,0.1437506,normal,0.0
2012-03-03 07:00:00,10.0,9.999541,7.9852457,11.00669,7.9852457,12.043722,False,0.19441949,normal,0.0
2012-03-03 08:00:00,9.0,9.999541,8.9923935,11.00669,8.9923935,12.690366,False,0.17885636,normal,0.0
2012-03-03 09:00:00,11.0,9.988926,8.982847,10.995006,7.9767685,10.995006,True,2.1483207,high,0.0024821057450026274
2012-03-03 10:00:00,11.0,9.988926,8.982847,12.001084,8.977817,12.001084,False,1.0875577,normal,0.0
2012-03-03 11:00:00,10.0,9.988926,8.982847,12.001084,8.977817,12.001084,False,0.39467767,normal,0.0
2012-03-03 12:00:00,10.0,9.978312,8.973302,10.983321,7.968292,11.131206,False,0.25941613,normal,0.0
2012-03-03 13:00:00,10.0,9.967696,9.967696,11.975577,9.035465,11.975577,False,0.42812,normal,0.0
2012-03-03 14:00:00,11.0,10.0180235,9.016221,12.021628,8.014419,18.072912,False,0.4995163,normal,0.0
2012-03-03 15:00:00,8.0,9.016221,6.010814,29.982512,2.003605,31.996502,False,0.4641619,normal,0.0
2012-03-03 16:00:00,6.0,7.005132,1.3620593e-07,30.054197,1.3620593e-07,41.959312,False,0.2907532,normal,0.0
2012-03-03 17:00:00,15.0,6.026164,1.3198587e-07,20.0422,1.3198587e-07,30.02245,False,1.5838096,normal,0.0
2012-03-03 18:00:00,58.0,10.023369,4.0093474,30.153688,1.9946504,44.036,True,6.518211,high,1.0
2012-03-03 19:00:00,58.0,10.025201,2.033083,42.04277,1.3358658e-07,51.948772,True,4.573431,high,0.39883413910865784
2012-03-03 20:00:00,37.0,16.015701,2.986414,60.022144,1.9835962,60.022144,False,0.4238375,normal,0.0
2012-03-03 21:00:00,4.0,12.993722,1.9756538,43.99629,1.4479156e-07,44.072277,False,1.0572664,normal,0.0
2012-03-03 22:00:00,4.0,4.0191994,1.4450052e-07,19.995535,1.4450052e-07,26.040648,False,0.19363028,normal,0.0
2012-03-03 23:00:00,7.0,5.9772882,1.3722456e-07,21.102377,1.3722456e-07,30.048923,False,0.0030151978,normal,0.0
2012-03-04 00:00:00,10.0,7.49748,1.999328,15.994623,1.3606041e-07,25.991262,False,0.51785785,normal,0.0
2012-03-04 01:00:00,10.0,8.977731,3.990103,15.059083,1.9950515,18.05667,False,0.34189096,normal,0.0
2012-03-04 02:00:00,11.0,9.985949,4.9680095,13.982113,3.9843938,15.977517,False,0.83757734,normal,0.0
2012-03-04 03:00:00,10.0,9.967696,6.023644,15.99134,2.0078814,28.048319,False,0.120818414,normal,0.0
2012-03-04 04:00:00,11.0,10.010158,7.993723,13.058224,6.980465,18.043888,False,0.52083343,normal,0.0
2012-03-04 05:00:00,12.0,9.969758,9.030579,11.922171,7.989172,14.969824,True,1.5649946,high,0.026915738359093666
2012-03-04 06:00:00,13.0,11.004399,8.953744,15.082189,5.978936,17.974836,False,1.0334803,normal,0.0
2012-03-04 07:00:00,12.0,11.983367,9.005682,15.05729,9.000598,18.051348,False,0.024283782,normal,0.0
2012-03-04 08:00:00,12.0,12.02117,9.034091,12.993801,8.014113,15.955734,False,0.05787959,normal,0.0
2012-03-04 09:00:00,13.0,11.973363,10.002138,13.019216,9.997027,14.966702,False,1.1553258,normal,0.0
2012-03-04 10:00:00,13.0,12.010936,10.96181,13.988345,10.033525,15.018801,False,0.7084347,normal,0.0
2012-03-04 11:00:00,13.0,11.975043,9.9914465,13.003573,9.986671,14.0321045,False,1.0309312,normal,0.0
2012-03-04 12:00:00,13.0,12.970429,10.980648,14.002169,10.0174465,16.00228,False,0.49410218,normal,0.0
2012-03-04 13:00:00,12.0,13.024193,11.000263,15.046283,9.985338,20.073927,False,0.74248457,normal,0.0
2012-03-04 14:00:00,14.0,12.012921,8.972614,16.01723,3.9942966,21.999638,False,0.74421877,normal,0.0
2012-03-04 15:00:00,11.0,11.019979,4.988774,18.06757,4.005539,20.059366,False,0.0012246682,normal,0.0
2012-03-04 16:00:00,16.0,9.037298,2.0165875,21.958395,2.0165875,28.003744,False,1.293208,normal,0.0
2012-03-04 17:00:00,44.0,15.979656,2.035145,51.858505,2.035145,59.999084,False,1.7863554,normal,0.0
2012-03-04 18:00:00,4.0,43.928013,5.923209,60.03757,3.997528,65.93131,True,2.0621688,low,0.035539720207452774
2012-03-04 19:00:00,9.0,4.0155334,1.5003025e-07,24.164116,1.5003025e-07,41.9966,False,0.48527393,normal,0.0
2012-03-04 20:00:00,16.0,7.97547,1.9741265,24.005375,1.504668e-07,30.037151,False,1.57109,normal,0.0
2012-03-04 21:00:00,19.0,10.004277,2.0008557,28.011974,1.5250407e-07,39.977127,False,1.1372528,normal,0.0
2012-03-04 22:00:00,36.0,13.013196,2.033312,26.026392,2.0231454,30.041807,True,3.463568,high,0.41568681597709656
2012-03-04 23:00:00,16.0,18.967957,4.0285926,42.048435,4.0084496,44.08247,False,0.37311095,normal,0.0
2012-03-05 00:00:00,10.0,11.01005,3.9805565,24.101439,2.0326247,32.043507,False,0.4221308,normal,0.0
2012-03-05 01:00:00,6.0,10.984467,6.982374,20.010462,4.0020924,21.106853,True,1.5984586,low,0.0754043236374855
2012-03-05 02:00:00,8.0,7.9970064,3.9729807,15.994013,1.0208946,18.095839,False,0.10645944,normal,0.0
2012-03-05 03:00:00,6.0,9.037604,5.996915,12.019177,3.965143,14.030678,False,1.6350343,normal,0.0
2012-03-05 04:00:00,7.0,9.029433,2.0252934,12.995632,1.6079866e-07,15.020926,False,0.63211954,normal,0.0
2012-03-05 05:00:00,10.0,9.021261,5.9860706,11.97214,3.9529142,13.008766,False,0.7495864,normal,0.0
2012-03-05 06:00:00,10.0,10.032991,6.9725075,11.97214,5.9860706,12.9838705,False,0.048347086,normal,0.0
2012-03-05 07:00:00,9.0,10.032991,8.009531,11.232321,8.009531,11.977204,False,1.219998,normal,0.0
2012-03-05 08:00:00,10.0,10.023903,6.9914618,11.034718,5.9806485,11.971415,False,0.3512869,normal,0.0
2012-03-05 09:00:00,10.0,10.032991,9.021261,11.97214,6.997801,11.977204,False,0.0969,normal,0.0
2012-03-05 10:00:00,9.0,10.032991,9.021261,11.97214,9.016203,11.97214,True,1.7244953,low,0.00720504205673933
2012-03-05 11:00:00,10.0,10.023903,8.002275,11.034718,7.9972215,11.039355,False,0.5700456,normal,0.0
2012-03-05 12:00:00,10.0,10.023903,8.823562,11.041038,8.002275,11.961296,False,0.12103276,normal,0.0
2012-03-05 13:00:00,10.0,10.032991,9.019154,11.97214,7.9994135,11.977204,False,0.012750983,normal,0.0
2012-03-05 14:00:00,9.0,10.032991,5.9860706,11.997443,4.9692817,16.02919,False,0.37683287,normal,0.0
2012-03-05 15:00:00,8.0,6.9914618,2.0216277,18.07463,1.6050762e-07,29.987474,False,0.096972205,normal,0.0
2012-03-05 16:00:00,38.0,10.023903,2.0216277,34.079185,1.0057598,40.021496,True,2.8274124,high,0.12230546772480011
2012-03-05 17:00:00,37.0,35.924286,2.0006263,61.932426,2.0006263,61.932426,False,0.28975934,normal,0.0
2012-03-05 18:00:00,16.0,8.965665,1.7083948e-07,44.023655,1.7083948e-07,46.003735,False,0.0659801,normal,0.0
2012-03-05 19:00:00,11.0,8.966734,1.7258571e-07,35.95751,1.7258571e-07,40.05279,False,0.0480651,normal,0.0
2012-03-05 20:00:00,2.0,11.042507,5.0193214,26.00921,1.7389539e-07,31.981329,True,1.9210883,low,0.14384645223617554
2012-03-05 21:00:00,2.0,3.0065525,1.7360435e-07,16.034945,1.7360435e-07,20.053713,False,0.6361892,normal,0.0
2012-03-05 22:00:00,2.0,4.015457,1.9826319,14.99181,1.7389539e-07,23.09262,False,0.6933344,normal,0.0
2012-03-05 23:00:00,2.0,2.0077286,1.0038644,11.115542,1.7389539e-07,19.007282,False,0.45752,normal,0.0
2012-03-06 00:00:00,8.0,1.9892474,1.7229468e-07,6.962365,1.7229468e-07,7.9624205,True,3.74191,high,0.1490347981452942
2012-03-06 01:00:00,6.0,8.0270195,1.984207,16.015726,1.974286,36.076492,False,0.6531896,normal,0.0
2012-03-06 02:00:00,8.0,7.0349154,2.9763105,10.011226,1.974286,12.095555,False,0.64020574,normal,0.0
2012-03-06 03:00:00,8.0,8.040613,5.962702,10.053034,4.9589806,11.046833,False,0.13769658,normal,0.0
2012-03-06 04:00:00,7.0,7.9637103,5.9727826,11.040598,3.9818552,11.040598,False,1.0135951,normal,0.0
2012-03-06 05:00:00,9.0,9.042033,6.962365,11.0312805,6.962365,12.025905,False,0.21601239,normal,0.0
2012-03-06 06:00:00,10.0,9.02676,8.033816,11.012647,7.040872,11.107432,False,1.0072199,normal,0.0
2012-03-06 07:00:00,10.0,9.531288,8.040613,11.021964,8.0351925,11.0269375,False,0.5827685,normal,0.0
2012-03-06 08:00:00,9.0,10.036656,9.042033,11.0312805,7.95699,12.025905,True,1.2971665,low,0.021130191162228584
2012-03-06 09:00:00,10.0,10.02818,9.009552,11.021964,8.0351925,11.021964,False,0.4198131,normal,0.0
2012-03-06 10:00:00,10.0,10.02818,9.034397,11.021964,8.040613,11.022868,False,0.41562885,normal,0.0
2012-03-06 11:00:00,10.0,10.02818,9.009552,11.021964,8.0351925,12.020721,False,0.31156605,normal,0.0
2012-03-06 12:00:00,10.0,10.036656,9.042033,11.0312805,9.042033,12.025905,False,0.040897604,normal,0.0
2012-03-06 13:00:00,10.0,10.036656,9.042033,11.0312805,9.042033,12.045816,False,0.13602579,normal,0.0
2012-03-06 14:00:00,10.0,10.036656,7.9343843,12.025905,5.967742,16.024763,False,0.1671774,normal,0.0
2012-03-06 15:00:00,8.0,9.042033,4.9731183,18.988268,3.9685485,32.038666,False,0.2405262,normal,0.0
2012-03-06 16:00:00,6.0,10.036656,2.983871,39.965786,1.9892474,44.0347,False,0.79377526,normal,0.0
2012-03-06 17:00:00,8.0,9.016755,1.9640458,37.944023,1.9542255,38.04045,False,0.44460633,normal,0.0
2012-03-06 18:00:00,8.0,7.964168,3.97552,44.02391,2.0129218,60.037575,False,0.38826594,normal,0.0
2012-03-06 19:00:00,6.0,7.978067,2.0164347,14.051488,2.0164347,36.04246,False,0.42280748,normal,0.0
2012-03-06 20:00:00,8.0,6.0387645,2.0129218,24.030363,1.6676495e-07,38.01318,False,0.17021105,normal,0.0
2012-03-06 21:00:00,6.0,7.957218,2.0111651,15.061885,2.0111651,20.113926,False,0.5425304,normal,0.0
2012-03-06 22:00:00,8.0,6.9770284,4.011791,15.959952,2.0058959,22.067991,False,0.05732571,normal,0.0
2012-03-06 23:00:00,8.0,8.023582,4.011791,15.024603,4.011791,19.117596,False,0.035506375,normal,0.0
2012-03-07 00:00:00,8.0,8.023582,6.017687,12.035374,2.0058959,20.078598,False,0.32229742,normal,0.0
2012-03-07 01:00:00,6.0,8.037635,6.002016,11.008065,4.0188174,11.969087,True,1.7929412,low,0.0004027262039016932
2012-03-07 02:00:00,9.0,8.016557,6.012418,10.9791975,3.9982576,16.996412,False,0.43161166,normal,0.0
2012-03-07 03:00:00,6.0,8.023582,6.017687,10.988819,4.0065584,12.999953,True,1.7376744,low,0.003557909745723009
2012-03-07 04:00:00,8.0,8.488361,6.9408684,10.120748,5.987124,12.034339,False,0.38463703,normal,0.0
2012-03-07 05:00:00,11.0,8.967192,6.007148,12.014296,6.001924,13.934847,False,1.457162,normal,0.0
2012-03-07 06:00:00,10.0,10.011914,8.009531,12.971958,6.007148,14.01668,False,0.23626414,normal,0.0
2012-03-07 07:00:00,10.0,10.011914,8.009531,12.014296,6.007148,12.014296,False,0.14102218,normal,0.0
2012-03-07 08:00:00,9.0,10.011914,8.967192,12.014296,8.004308,14.01668,False,1.4005777,normal,0.0
2012-03-07 09:00:00,11.0,10.011914,8.518833,11.929413,7.9995193,12.971958,False,1.2351675,normal,0.0
2012-03-07 10:00:00,10.0,10.011914,8.967192,12.014296,6.007148,12.977187,False,0.20936619,normal,0.0
2012-03-07 11:00:00,10.0,10.003131,8.959326,12.0037565,8.954542,12.965803,False,0.27321762,normal,0.0
2012-03-07 12:00:00,10.0,10.003131,8.959326,10.959952,8.954542,12.0037565,False,0.25389957,normal,0.0
2012-03-07 13:00:00,10.0,10.003131,8.959326,12.0037565,7.9972854,12.965803,False,0.1986122,normal,0.0
2012-03-07 14:00:00,10.0,10.003131,8.002504,14.028314,6.0018783,27.971846,False,0.027129237,normal,0.0
2012-03-07 15:00:00,8.0,7.995479,5.996609,12.0193,3.9977396,18.096308,False,0.23857398,normal,0.0
2012-03-07 16:00:00,8.0,7.995479,3.0156865,21.031586,1.9888756,36.07613,False,0.043484047,normal,0.0
2012-03-07 17:00:00,8.0,8.009531,4.962427,39.960594,2.9552557,43.9854,False,0.33955136,normal,0.0
2012-03-07 18:00:00,6.0,7.9603496,3.9801748,16.056995,3.9801748,38.01459,False,0.5258289,normal,0.0
2012-03-07 19:00:00,7.0,8.007775,3.9626102,10.9797325,1.9813051,16.055626,False,0.3702431,normal,0.0
2012-03-07 20:00:00,8.0,7.0007033,4.0116386,9.989767,2.9839513,18.14296,False,0.284833,normal,0.0
2012-03-07 21:00:00,6.0,7.03293,3.9751346,10.014281,1.9875673,10.014281,False,0.59367293,normal,0.0
2012-03-07 22:00:00,8.0,7.9661536,3.983077,8.986826,2.9823291,10.03429,False,0.59111315,normal,0.0
2012-03-07 23:00:00,8.0,6.9981823,5.9484544,9.997403,1.9994807,9.997403,False,0.7699876,normal,0.0
2012-03-08 00:00:00,8.0,7.005132,4.9786477,10.007331,2.997196,12.008798,False,0.55585796,normal,0.0
2012-03-08 01:00:00,6.0,7.9899807,5.942548,9.987475,3.9850032,10.991221,False,1.2191908,normal,0.0
2012-03-08 02:00:00,8.0,8.034733,5.9686584,10.024285,5.9636846,12.018817,False,0.26542267,normal,0.0
2012-03-08 03:00:00,5.0,7.0188785,6.02708,9.027279,6.02708,10.004201,True,1.8053299,low,0.3423372209072113
2012-03-08 04:00:00,9.0,7.9705834,5.996915,10.020162,4.023247,10.478283,False,1.0961087,normal,0.0
2012-03-08 05:00:00,9.0,10.0,8.030303,11.969696,5.9799237,11.974625,False,1.2019004,normal,0.0
2012-03-08 06:00:00,10.0,9.969758,7.0241475,9.996202,5.961839,12.009026,True,0.5562943,high,0.0012777454685419798
2012-03-08 07:00:00,10.0,10.014815,7.981733,10.993708,6.018678,10.998607,False,0.39667946,normal,0.0
2012-03-08 08:00:00,10.0,9.994502,9.017595,10.997719,9.017595,13.000366,False,0.26247248,normal,0.0
2012-03-08 09:00:00,10.0,9.974188,8.999267,11.024103,8.009348,12.0039015,False,0.23946764,normal,0.0
2012-03-08 10:00:00,10.0,10.018481,8.971774,10.91753,8.966914,10.995663,False,0.18265489,normal,0.0
2012-03-08 11:00:00,11.0,9.987782,9.018817,9.987782,8.49446,11.051053,True,2.1577528,high,1.0
2012-03-08 12:00:00,9.0,9.967314,9.000336,13.0170145,8.990294,13.0170145,True,1.6603416,low,8.357483602594584e-05
2012-03-08 13:00:00,10.0,10.000459,8.000367,12.000551,6.0002756,12.020572,False,0.0036418117,normal,0.0
2012-03-08 14:00:00,11.0,9.979838,7.983871,11.014785,7.979066,27.963898,False,0.56628245,normal,0.0
2012-03-08 15:00:00,8.0,8.032823,5.9693456,10.046565,5.0113025,35.889767,False,0.12966014,normal,0.0
2012-03-08 16:00:00,8.0,8.007851,4.9957232,9.993284,3.0069847,24.08422,False,0.06727999,normal,0.0
2012-03-08 17:00:00,8.0,8.014113,5.9741573,10.077755,3.996857,22.052338,False,0.05161329,normal,0.0
2012-03-08 18:00:00,6.0,7.0106306,3.9715223,8.973607,2.0229175,10.0852,False,0.51379997,normal,0.0
2012-03-08 19:00:00,8.0,8.009531,5.9720182,8.993157,3.994578,10.001749,False,0.3623117,normal,0.0
2012-03-08 20:00:00,6.0,8.000825,4.98297,8.000825,4.0004125,8.983382,False,1.1649368,normal,0.0
2012-03-08 21:00:00,8.0,7.983184,5.9457364,9.996335,2.9801576,10.9682,False,0.30685517,normal,0.0
2012-03-08 22:00:00,8.0,6.9950514,5.006263,8.983841,1.9887893,10.042729,False,0.7897342,normal,0.0
2012-03-08 23:00:00,8.0,7.9728737,4.9830465,8.969483,4.968097,13.972148,False,0.59571624,normal,0.0
2012-03-09 00:00:00,6.0,6.9779453,5.003055,9.04336,4.005407,10.00611,False,0.8407578,normal,0.0
2012-03-09 01:00:00,8.0,7.993952,6.028226,9.003034,4.9700103,11.052992,False,0.046327207,normal,0.0
2012-03-09 02:00:00,6.0,5.9766006,4.9914465,8.012586,3.0211387,8.997739,False,0.4739335,normal,0.0
2012-03-09 03:00:00,8.0,7.993952,4.979839,10.025202,3.9920616,11.008064,False,0.25227883,normal,0.0
2012-03-09 04:00:00,8.0,8.012586,4.9914465,9.982893,4.9914465,11.01308,False,0.10365648,normal,0.0
2012-03-09 05:00:00,10.0,9.994501,7.9956017,10.980802,4.992319,11.016014,False,0.37931505,normal,0.0
2012-03-09 06:00:00,10.0,9.994501,8.855326,10.980802,8.011711,10.980802,False,0.35159895,normal,0.0
2012-03-09 07:00:00,10.0,9.994501,8.021903,10.980802,4.0109515,11.96743,False,0.24324183,normal,0.0
2012-03-09 08:00:00,10.0,10.00611,8.9939785,10.993555,5.9905,10.993555,False,0.124799065,normal,0.0
2012-03-09 09:00:00,11.0,10.00611,9.018664,10.993555,9.013727,10.993555,True,1.9739568,high,0.0032634353265166283
2012-03-09 10:00:00,10.0,10.017717,9.029126,11.006308,6.981097,11.006308,False,0.13507731,normal,0.0
2012-03-09 11:00:00,10.0,10.0293255,8.973607,11.019062,7.983871,13.069469,False,0.63531387,normal,0.0
2012-03-09 12:00:00,10.0,10.0293255,8.973607,11.019062,8.973277,12.009128,False,0.39242774,normal,0.0
2012-03-09 13:00:00,10.0,10.0293255,8.973607,11.019062,7.983871,13.023302,False,0.24632578,normal,0.0
2012-03-09 14:00:00,9.0,10.0293255,7.983871,11.019062,6.989187,11.019062,False,1.3703581,normal,0.0
2012-03-09 15:00:00,8.0,7.983871,5.9796553,11.019062,3.4894798,18.53305,False,0.06337211,normal,0.0
2012-03-09 16:00:00,35.0,7.983871,6.004399,9.00001,3.949047,10.0293255,True,26.848524,high,1.0
2012-03-09 17:00:00,50.0,15.978051,1.9725991,36.12983,1.9725991,43.857452,True,2.8229094,high,0.406068354845047
2012-03-09 18:00:00,10.0,11.513701,2.002383,55.934895,2.002383,56.60241,False,0.6908761,normal,0.0
2012-03-09 19:00:00,9.0,8.020834,6.0321975,11.003789,1.9886366,50.07754,False,0.05172074,normal,0.0
2012-03-09 20:00:00,17.0,8.002352,5.477643,11.054517,2.9711213,24.026917,True,3.691951,high,1.0
2012-03-09 21:00:00,16.0,9.01561,4.9552217,34.158413,2.0184202,51.499397,False,0.3114316,normal,0.0
2012-03-09 22:00:00,18.0,11.004323,6.0147853,30.104721,3.0022664,34.03856,False,0.92859906,normal,0.0
2012-03-09 23:00:00,53.0,16.001497,7.000654,34.07103,5.978298,142.34375,True,1.8879448,high,0.699250340461731
2012-03-10 00:00:00,10.0,19.982893,6.024255,64.04079,6.024255,150.3125,False,0.81559926,normal,0.0
2012-03-10 01:00:00,8.0,8.98155,6.0367794,18.036718,5.0061097,22.01216,False,0.48447922,normal,0.0
2012-03-10 02:00:00,8.0,7.9673758,5.975532,11.016012,3.9788928,18.010336,False,0.007177936,normal,0.0
2012-03-10 03:00:00,10.0,7.9673758,5.975532,10.032991,5.975532,17.122633,False,0.65690166,normal,0.0
2012-03-10 04:00:00,8.0,9.979838,5.987903,13.060669,5.983098,22.676302,False,0.22276571,normal,0.0
2012-03-10 05:00:00,11.0,9.990149,9.028134,11.988179,7.9821286,14.747609,False,0.025090653,normal,0.0
2012-03-10 06:00:00,11.0,10.010768,8.972614,10.974768,8.972614,12.012921,True,1.6428009,high,0.012602582573890686
2012-03-10 07:00:00,11.0,10.021078,8.981854,10.986071,8.981854,11.951064,True,1.3162371,high,0.006950028706341982
2012-03-10 08:00:00,11.0,10.514381,8.991096,11.238876,8.015079,14.063653,False,0.5274642,normal,0.0
2012-03-10 09:00:00,11.0,11.019979,9.009577,11.019979,9.009577,11.988322,False,0.6214731,normal,0.0
2012-03-10 10:00:00,11.0,11.031281,9.987782,11.031281,9.018817,12.375535,False,0.5555478,normal,0.0
2012-03-10 11:00:00,11.0,10.967971,9.028057,10.967971,9.022834,10.968345,True,0.74093175,high,0.016510598361492157
2012-03-10 12:00:00,11.0,10.9791975,9.037298,10.9791975,9.03207,11.95052,True,0.71195614,high,0.010712443850934505
2012-03-10 13:00:00,10.0,10.990424,8.971774,10.990424,7.9848795,18.018314,False,0.63761324,normal,0.0
2012-03-10 14:00:00,11.0,10.018481,7.02789,12.111923,5.9811835,32.093925,False,0.31874037,normal,0.0
2012-03-10 15:00:00,9.0,8.980938,7.035068,18.087254,5.9872923,36.039047,False,0.110007524,normal,0.0
2012-03-10 16:00:00,24.0,8.016175,5.993402,18.030794,5.019474,36.110317,True,3.1734703,high,0.4958886206150055
2012-03-10 17:00:00,62.0,17.013151,6.02708,54.138836,5.0352826,60.522655,True,2.6705163,high,0.16339382529258728
2012-03-10 18:00:00,66.0,14.47489,6.031204,67.87115,6.031204,67.95157,False,2.887981,normal,0.0
2012-03-10 19:00:00,31.0,11.963205,6.0240264,71.94892,5.0058804,72.118614,False,0.30246523,normal,0.0
2012-03-10 20:00:00,62.0,17.00391,5.98607,39.993893,5.98607,42.019207,True,4.928314,high,0.6470895409584045
2012-03-10 21:00:00,62.0,43.985214,6.997648,66.111885,6.997648,67.88627,False,0.9354665,normal,0.0
2012-03-10 22:00:00,43.0,62.041183,7.015316,65.94492,5.9947767,68.13111,False,0.16101974,normal,0.0
2012-03-10 23:00:00,45.0,23.967878,5.967513,60.11537,4.989232,66.03395,False,1.0784427,normal,0.0
2012-03-11 00:00:00,67.0,20.734667,6.039223,61.902035,6.039223,65.928185,True,2.2124817,high,0.09125865995883942
2012-03-11 01:00:00,68.0,23.976357,5.994089,66.04014,5.047654,66.040665,True,1.7984183,high,0.032639309763908386
2012-03-11 02:00:00,69.0,63.40901,8.0222845,70.00267,7.0282903,70.00377,False,0.8046622,normal,0.0
2012-03-11 03:00:00,70.0,68.11347,62.160694,72.00566,61.785786,72.12071,False,0.50997293,normal,0.0
2012-03-11 04:00:00,70.0,69.94731,66.825935,72.33459,65.6317,73.40886,False,0.12548152,normal,0.0
2012-03-11 05:00:00,74.0,69.99175,66.88928,73.345535,66.14407,74.21112,True,2.3869214,high,0.10136911273002625
2012-03-11 06:00:00,29.0,73.86547,69.99495,76.95931,69.8596,77.21842,True,24.081524,low,1.0
2012-03-11 07:00:00,63.0,16.034412,7.952026,33.00743,7.947463,35.99988,True,5.5981903,high,1.0
2012-03-11 08:00:00,71.0,65.927414,58.061157,72.180786,57.92742,72.31183,False,1.3987783,normal,0.0
2012-03-11 09:00:00,42.0,69.98915,28.667027,74.024315,16.945585,74.16694,False,2.4949453,normal,0.0
2012-03-11 10:00:00,69.0,59.15155,9.056696,70.04789,8.06612,70.20002,False,1.0140647,normal,0.0
2012-03-11 11:00:00,69.0,69.357895,62.91126,75.052536,61.957043,75.78262,False,0.08021402,normal,0.0
2012-03-11 12:00:00,73.0,68.93924,43.92995,72.55178,41.99574,74.057755,True,1.0573666,high,0.01566004939377308
2012-03-11 13:00:00,71.0,70.67677,61.9781,75.958115,61.9781,77.666794,False,0.1570198,normal,0.0
2012-03-11 14:00:00,27.0,70.23651,53.11336,73.91633,43.955418,75.03628,True,8.532935,low,1.0
2012-03-11 15:00:00,64.0,61.29032,9.032259,70.16129,8.064516,70.32258,False,0.7084958,normal,0.0
2012-03-11 16:00:00,96.0,66.06122,48.014423,74.19056,30.961023,75.02669,True,4.7426577,high,0.8331802487373352
2012-03-11 17:00:00,93.0,70.12097,34.974342,93.069664,27.04912,95.96407,False,1.8898282,normal,0.0
2012-03-11 18:00:00,68.0,89.92569,62.036213,96.004166,57.924305,97.6257,False,1.8376082,normal,0.0
2012-03-11 19:00:00,67.0,67.53299,28.995142,93.041374,28.995142,93.041374,False,0.13854551,normal,0.0
2012-03-11 20:00:00,64.0,66.11563,51.72631,84.158806,46.459633,95.928795,False,0.5099384,normal,0.0
2012-03-11 21:00:00,64.0,62.90575,30.971945,71.99536,30.962326,74.07297,False,0.3661801,normal,0.0
2012-03-11 22:00:00,63.0,65.928566,48.01961,74.04173,41.90892,81.68452,False,0.44310093,normal,0.0
2012-03-11 23:00:00,90.0,62.91361,58.08454,69.94868,31.959309,70.76375,True,6.5260825,high,1.0
2012-03-12 00:00:00,66.0,70.46982,60.935673,95.96332,58.03397,97.41416,False,0.86909723,normal,0.0
2012-03-12 01:00:00,65.0,66.89516,42.947327,89.969765,9.102823,92.93347,False,0.14670607,normal,0.0
2012-03-12 02:00:00,18.0,65.07599,59.86558,71.99978,41.774025,73.07536,True,8.618297,low,1.0
2012-03-12 03:00:00,9.0,11.065112,6.0749636,65.95675,4.990149,66.173706,False,0.5770846,normal,0.0
2012-03-12 04:00:00,9.0,8.908007,8.038933,11.08069,8.029156,11.949764,False,0.11275505,normal,0.0
2012-03-12 05:00:00,11.0,8.908007,8.038933,11.08069,7.817319,11.08504,False,1.9636137,normal,0.0
2012-03-12 06:00:00,11.0,10.001375,8.914269,11.088481,8.044584,11.971223,False,0.75934553,normal,0.0
2012-03-12 07:00:00,11.0,11.092375,8.9174,11.092375,8.9174,11.96672,False,0.3731082,normal,0.0
2012-03-12 08:00:00,11.0,11.096271,10.008401,11.096271,8.920531,11.548841,False,0.2579843,normal,0.0
2012-03-12 09:00:00,10.0,11.100165,10.011913,11.100165,8.923662,12.410424,True,2.0294287,low,0.010947178117930889
2012-03-12 10:00:00,12.0,11.100165,8.923662,11.100165,8.923662,11.107791,True,2.013173,high,0.41343116760253906
2012-03-12 11:00:00,10.0,11.107955,8.929925,11.979167,8.929925,13.505969,False,1.0882852,normal,0.0
2012-03-12 12:00:00,11.0,11.104059,8.926793,11.974966,8.055886,12.628146,False,0.340998,normal,0.0
2012-03-12 13:00:00,11.0,10.022452,8.933056,11.983367,8.061538,12.033528,False,0.51519436,normal,0.0
2012-03-12 14:00:00,11.0,10.025966,8.0643635,11.987567,7.4039574,13.958986,False,1.0098252,normal,0.0
2012-03-12 15:00:00,8.0,10.025966,8.0643635,11.987567,8.0643635,17.902918,True,0.9656706,low,0.016405843198299408
2012-03-12 16:00:00,7.0,8.0643635,6.1027617,32.11581,3.923204,39.91645,False,0.44329616,normal,0.0
2012-03-12 17:00:00,55.0,8.061538,6.1006236,10.022452,5.0057797,10.142403,True,22.245169,high,1.0
2012-03-12 18:00:00,5.0,50.05193,5.979656,69.984116,5.979656,69.984116,True,1.644504,low,0.015306062996387482
2012-03-12 19:00:00,2.0,5.977594,3.9629233,9.962656,3.0895307,11.074049,True,2.7614229,low,0.32716837525367737
2012-03-12 20:00:00,2.0,3.9768147,4.209869e-07,9.947562,4.209869e-07,22.113317,False,0.6457809,normal,0.0
2012-03-12 21:00:00,4.0,1.9856583,4.2040483e-07,12.255967,4.2040483e-07,24.078339,False,0.13964605,normal,0.0
2012-03-12 22:00:00,4.0,3.9658177,1.9829091,9.055292,4.1982275e-07,11.908481,False,0.2059932,normal,0.0
2012-03-12 23:00:00,16.0,3.960319,1.9801598,7.937145,4.1924068e-07,10.12522,True,5.9318132,high,1.0
2012-03-13 00:00:00,12.0,7.0601177,1.9856583,58.12466,1.9757301,61.997757,False,0.0009989255,normal,0.0
2012-03-13 01:00:00,6.0,9.94891,1.9897822,22.108688,1.9897822,34.05734,False,0.73336524,normal,0.0
2012-03-13 02:00:00,6.0,5.9652224,1.9884076,11.980172,1.9784656,15.927162,False,0.28938276,normal,0.0
2012-03-13 03:00:00,8.0,7.069893,3.9768147,11.930444,3.9569306,15.948172,False,0.3592111,normal,0.0
2012-03-13 04:00:00,6.0,7.9536295,5.9652224,11.930444,5.0759625,13.918851,False,1.4048479,normal,0.0
2012-03-13 05:00:00,11.0,7.948131,3.9740655,11.491677,4.2069587e-07,11.928826,False,1.7972301,normal,0.0
2012-03-13 06:00:00,9.0,11.042889,5.9631605,15.040422,5.9587436,18.120287,False,0.7455002,normal,0.0
2012-03-13 07:00:00,10.0,9.9351635,7.926053,11.949804,5.9610987,15.907312,False,0.061255127,normal,0.0
2012-03-13 08:00:00,9.0,9.9351635,7.948131,11.922196,5.956683,11.922196,False,0.79981196,normal,0.0
2012-03-13 09:00:00,11.0,9.931726,7.923311,11.918072,5.9590364,11.918072,False,1.1049649,normal,0.0
2012-03-13 10:00:00,9.0,9.931726,7.0625615,11.918072,5.9546223,18.10665,False,0.6855867,normal,0.0
2012-03-13 11:00:00,10.0,9.92829,7.931601,11.913948,1.9757301,14.130173,False,0.10985314,normal,0.0
2012-03-13 12:00:00,9.0,9.92829,7.9426327,11.913948,5.9470463,11.913948,False,0.60177225,normal,0.0
2012-03-13 13:00:00,11.0,9.0426445,7.939883,11.027616,5.935063,11.920863,False,1.4177017,normal,0.0
2012-03-13 14:00:00,9.0,9.045775,7.032539,11.913948,5.952562,15.9559355,False,0.1784914,normal,0.0
2012-03-13 15:00:00,6.0,9.045775,5.07446,18.09155,3.95146,22.072803,False,1.14193,normal,0.0
2012-03-13 16:00:00,6.0,7.05523,1.9842837,35.05567,1.9743623,50.088863,False,0.46127233,normal,0.0
2012-03-13 17:00:00,2.0,6.98436,1.9643515,58.155746,4.1589374e-07,61.99602,False,0.7171797,normal,0.0
2012-03-13 18:00:00,2.0,4.0773163,4.0890882e-07,24.034702,4.0890882e-07,34.00598,False,0.4664954,normal,0.0
2012-03-13 19:00:00,2.0,1.9258617,1.0431752,7.944188,4.0774466e-07,14.1422615,False,0.4609135,normal,0.0
2012-03-13 20:00:00,4.0,1.9210505,4.0672603e-07,12.054628,4.0672603e-07,49.7627,False,0.08126696,normal,0.0
2012-03-13 21:00:00,2.0,4.036688,1.9121155,19.97098,1.9025549,44.078598,False,0.5306612,normal,0.0
2012-03-13 22:00:00,2.0,1.902493,1.902493,16.113073,4.02797e-07,21.98436,False,0.5270601,normal,0.0
2012-03-13 23:00:00,10.0,2.1016622,2.1016622,20.06565,4.004687e-07,47.953648,False,0.7658881,normal,0.0
2012-03-14 00:00:00,4.0,9.930352,2.0688236,33.928703,2.0688236,57.946724,False,0.7389119,normal,0.0
2012-03-14 01:00:00,6.0,3.9220588,2.0642416,17.958899,2.0539205,23.964827,False,0.17150818,normal,0.0
2012-03-14 02:00:00,7.0,5.9818707,2.062714,16.135595,2.062714,23.92748,False,0.14490089,normal,0.0
2012-03-14 03:00:00,4.0,8.041606,3.8713117,11.9593115,2.0516407,16.132746,False,1.4305285,normal,0.0
2012-03-14 04:00:00,8.0,6.995052,2.0573683,11.9327345,2.0573683,17.899101,False,0.25833035,normal,0.0
2012-03-14 05:00:00,9.0,8.023736,3.9089997,12.009914,2.0573683,17.909399,False,0.2995418,normal,0.0
2012-03-14 06:00:00,9.0,9.045699,6.9641604,11.923876,4.1106534,12.363854,False,0.25145534,normal,0.0
2012-03-14 07:00:00,10.0,9.03898,6.984666,11.915018,6.984666,11.935581,False,0.47078347,normal,0.0
2012-03-14 08:00:00,10.0,9.035619,8.008844,11.910588,5.9532404,11.910588,False,0.53930324,normal,0.0
2012-03-14 09:00:00,9.0,10.058651,8.005866,11.906158,8.002787,11.906158,False,0.992386,normal,0.0
2012-03-14 10:00:00,9.0,10.0511675,9.025538,12.102426,7.999909,12.132198,True,1.1834086,low,0.00830008927732706
2012-03-14 11:00:00,9.0,10.043683,7.9939523,12.093414,7.9939523,12.093414,False,1.0397485,normal,0.0
2012-03-14 12:00:00,10.0,10.0362,7.9879956,12.084403,6.958773,12.084403,False,0.34452596,normal,0.0
2012-03-14 13:00:00,8.0,10.032457,7.97478,12.079897,6.9469647,12.079897,False,1.6436318,normal,0.0
2012-03-14 14:00:00,9.0,7.9790606,5.907573,12.070886,3.8780282,21.921986,False,0.16417831,normal,0.0
2012-03-14 15:00:00,6.0,6.9509106,2.0443857,13.906933,2.0443857,15.976901,False,0.2701412,normal,0.0
2012-03-14 16:00:00,7.0,4.084189,2.0420947,7.989704,1.0159422,10.0256815,False,1.3060251,normal,0.0
2012-03-14 17:00:00,4.0,2.029112,2.029112,14.751917,3.866444e-07,51.75758,False,0.10419256,normal,0.0
2012-03-14 18:00:00,6.0,1.9848182,3.7820428e-07,11.953583,3.7820428e-07,55.01422,False,0.3042961,normal,0.0
2012-03-14 19:00:00,6.0,3.0054455,1.9389971,10.082784,3.6947313e-07,14.03162,False,0.9188622,normal,0.0
2012-03-14 20:00:00,6.0,4.0318003,1.9199051,9.04756,1.9103055,9.994075,False,0.638636,normal,0.0
2012-03-14 21:00:00,6.0,6.0068426,2.0648525,9.977001,2.0545282,15.966009,False,0.2041142,normal,0.0
2012-03-14 22:00:00,4.0,6.0534277,2.0178094,18.031898,2.0077205,24.030273,False,0.8442438,normal,0.0
2012-03-14 23:00:00,6.0,7.940189,1.9850475,18.045883,1.9850475,29.956165,False,0.6596634,normal,0.0
2012-03-15 00:00:00,9.0,6.0343356,1.9522853,14.020955,3.381865e-07,17.926414,False,0.89133596,normal,0.0
2012-03-15 01:00:00,9.0,6.9220433,3.980175,10.906546,2.0766132,11.950051,False,1.1222405,normal,0.0
2012-03-15 02:00:00,8.0,8.932903,4.0450883,11.96672,2.0124316,17.956066,False,0.22399542,normal,0.0
2012-03-15 03:00:00,8.0,8.030456,6.0392303,10.980419,3.9332845,11.984246,False,0.2719664,normal,0.0
2012-03-15 04:00:00,10.0,9.071665,7.002689,11.00537,6.0374312,14.035646,False,0.6298697,normal,0.0
2012-03-15 05:00:00,10.0,10.047044,8.037635,12.056452,6.9510083,12.056452,False,0.1698368,normal,0.0
2012-03-15 06:00:00,11.0,10.028714,8.980939,11.974585,7.923433,13.473656,False,0.7140131,normal,0.0
2012-03-15 07:00:00,10.0,10.974768,9.046768,12.012921,9.041577,12.020344,False,0.6152025,normal,0.0
2012-03-15 08:00:00,12.0,9.95395,8.944129,11.973593,7.934308,13.161609,True,1.5703099,high,0.008716801181435585
2012-03-15 09:00:00,11.0,10.062317,8.944282,12.018878,6.9828286,12.018878,False,0.3867916,normal,0.0
2012-03-15 10:00:00,10.0,10.990959,10.005207,11.952667,9.067541,14.016222,True,1.281499,low,0.0026737693697214127
2012-03-15 11:00:00,10.0,11.029142,9.035924,11.985897,7.9629083,14.105363,False,0.56230253,normal,0.0
2012-03-15 12:00:00,12.0,10.013288,8.986283,11.93892,8.981149,11.939563,True,1.7306938,high,0.02068658173084259
2012-03-15 13:00:00,11.0,10.021078,8.041606,12.00055,7.046303,12.010457,False,0.7081589,normal,0.0
2012-03-15 14:00:00,10.0,10.007332,7.9820385,12.032625,5.003666,12.0373955,False,0.08052546,normal,0.0
2012-03-15 15:00:00,8.0,8.012891,4.0064454,12.019336,4.0064454,18.078545,False,0.23538053,normal,0.0
2012-03-15 16:00:00,9.0,7.04072,3.9746,11.04088,3.9746,49.877846,False,0.25248855,normal,0.0
2012-03-15 17:00:00,2.0,5.9872923,2.0314028,11.974585,2.0314028,20.955523,True,1.6623704,low,0.003158226842060685
2012-03-15 18:00:00,2.0,2.9989922,1.9048457e-07,10.021641,1.9048457e-07,11.995968,False,0.72876817,normal,0.0
2012-03-15 19:00:00,4.0,1.9934479,1.9934479,7.02453,1.9834807,9.022729,False,0.8150547,normal,0.0
2012-03-15 20:00:00,0.0,3.965054,1.982527,8.020223,1.982527,15.960703,True,1.9106631,low,0.32835817337036133
2012-03-15 21:00:00,4.0,4.005682,1.6239937e-07,12.117224,1.6239937e-07,22.178879,False,0.059604704,normal,0.0
2012-03-15 22:00:00,4.0,4.032258,1.5366822e-07,10.0,1.5366822e-07,12.045998,False,0.005826097,normal,0.0
2012-03-15 23:00:00,14.0,6.015014,1.9796251,15.991182,0.9848636,20.628355,False,0.6077603,normal,0.0
2012-03-16 00:00:00,10.0,9.987628,1.9693916,19.977015,1.9595447,28.093468,False,0.044416416,normal,0.0
2012-03-16 01:00:00,6.0,7.9931116,4.0295854,14.004461,1.9817634,20.055815,False,0.91372436,normal,0.0
2012-03-16 02:00:00,8.0,7.509469,1.969697,13.972537,1.9598485,16.003786,False,0.1632125,normal,0.0
2012-03-16 03:00:00,6.0,8.024194,4.012097,13.98155,1.9960182,28.506115,False,0.3129254,normal,0.0
2012-03-16 04:00:00,9.0,9.023477,3.9969761,11.990929,1.9884956,14.019423,False,0.03217704,normal,0.0
2012-03-16 05:00:00,9.0,9.99244,5.9954643,11.990929,5.965487,15.993057,False,0.40430427,normal,0.0
2012-03-16 06:00:00,9.0,10.027645,7.949627,12.021092,5.008688,18.529913,False,0.17706525,normal,0.0
2012-03-16 07:00:00,10.0,10.002292,8.013884,11.990699,8.008762,12.00065,False,0.091239594,normal,0.0
2012-03-16 08:00:00,11.0,9.989614,8.003727,11.975501,6.9758797,11.975501,False,0.99084926,normal,0.0
2012-03-16 09:00:00,10.0,9.989614,8.003727,11.975501,6.9758797,14.031506,False,0.1973752,normal,0.0
2012-03-16 10:00:00,10.0,9.989614,8.003727,11.977006,6.980694,14.031204,False,0.43293595,normal,0.0
2012-03-16 11:00:00,10.0,10.024285,7.9834127,12.005133,7.0179,13.985979,False,0.36775607,normal,0.0
2012-03-16 12:00:00,10.0,10.024285,9.003849,12.005133,7.9834127,12.015046,False,0.5548274,normal,0.0
2012-03-16 13:00:00,9.0,10.011532,7.9732556,11.989858,5.994929,12.000059,False,1.0389905,normal,0.0
2012-03-16 14:00:00,9.0,9.986025,5.9796557,12.019108,5.9697895,12.028984,False,0.26880375,normal,0.0
2012-03-16 15:00:00,9.0,7.992272,6.024026,10.974463,3.996136,11.998557,False,0.62567466,normal,0.0
2012-03-16 16:00:00,7.0,6.987262,1.9707661,10.988514,1.9707661,12.023784,False,0.08568092,normal,0.0
2012-03-16 17:00:00,41.0,4.001252,1.1379597e-07,9.97327,1.1379597e-07,16.10484,True,10.981854,high,1.0
2012-03-16 18:00:00,6.0,5.9824047,1.1175871e-07,120.0,1.1175871e-07,120.0,False,0.37934652,normal,0.0
2012-03-16 19:00:00,6.0,3.993463,1.11904235e-07,41.87263,1.11904235e-07,120.15626,False,0.15255158,normal,0.0
2012-03-16 20:00:00,8.0,5.0177937,1.124863e-07,14.147262,1.124863e-07,48.29928,False,0.19086038,normal,0.0
2012-03-16 21:00:00,11.0,6.008599,2.0226967,16.0031,2.0226967,121.71874,False,0.26055893,normal,0.0
2012-03-16 22:00:00,4.0,8.5236435,1.9568366,16.076391,1.14378054e-07,28.05217,False,1.0785232,normal,0.0
2012-03-16 23:00:00,14.0,7.9834127,1.9808469,16.988762,1.9709426,20.008673,False,1.5871129,normal,0.0
2012-03-17 00:00:00,14.0,9.998778,4.011486,17.027868,1.9659276,21.973364,False,1.2568401,normal,0.0
2012-03-17 01:00:00,11.0,10.024285,4.0217195,18.007698,4.011515,19.993652,False,0.23319572,normal,0.0
2012-03-17 02:00:00,8.0,10.027645,3.986895,16.057842,3.9769278,20.064964,False,0.7319902,normal,0.0
2012-03-17 03:00:00,9.0,9.023477,3.9969761,13.990931,1.9884956,18.076656,False,0.10889195,normal,0.0
2012-03-17 04:00:00,8.0,10.00504,6.003024,14.007056,2.001008,16.028093,False,0.95542395,normal,0.0
2012-03-17 05:00:00,11.0,9.513533,6.990775,12.037811,6.0081153,13.98155,False,1.0969827,normal,0.0
2012-03-17 06:00:00,12.0,10.030243,8.024194,13.98155,5.998085,13.98155,False,1.2168846,normal,0.0
2012-03-17 07:00:00,11.0,12.020636,8.969713,15.03343,7.0119357,20.014053,False,0.32464546,normal,0.0
2012-03-17 08:00:00,10.0,10.997067,8.956501,13.990714,7.993341,14.081774,False,0.6904021,normal,0.0
2012-03-17 09:00:00,11.0,9.970904,8.013426,12.9943,5.9947767,14.018,False,0.5216746,normal,0.0
2012-03-17 10:00:00,11.0,9.970904,8.013426,12.038508,5.9947767,14.008203,False,0.44870737,normal,0.0
2012-03-17 11:00:00,11.0,10.976983,9.014617,13.9818535,7.962298,13.987071,False,0.18538547,normal,0.0
2012-03-17 12:00:00,11.0,10.990653,9.025844,13.999267,7.962083,14.996729,False,0.059912972,normal,0.0
2012-03-17 13:00:00,11.0,9.971591,8.001893,13.972537,3.0160985,15.9524,False,0.35693517,normal,0.0
2012-03-17 14:00:00,11.0,9.971591,7.0170455,12.002841,5.470834,12.012699,False,0.7503383,normal,0.0
2012-03-17 15:00:00,9.0,9.996335,5.98546,14.00721,4.000694,14.027284,False,0.41974056,normal,0.0
2012-03-17 16:00:00,10.0,7.9895988,4.0242186,12.015366,1.9819162,12.025285,False,0.8321833,normal,0.0
2012-03-17 17:00:00,39.0,8.029004,1.9916911,12.012386,1.9817327,18.596706,True,3.4759278,high,1.0
2012-03-17 18:00:00,6.0,5.9860706,1.2398232e-07,43.91954,1.2398232e-07,44.43074,False,0.38307706,normal,0.0
2012-03-17 19:00:00,6.0,6.0141745,1.9758521,14.540448,1.245644e-07,43.92995,False,0.091446355,normal,0.0
2012-03-17 20:00:00,7.0,5.9766006,1.2514647e-07,16.424303,1.2514647e-07,43.872845,False,0.09132798,normal,0.0
2012-03-17 21:00:00,8.0,5.9974494,1.9771812,20.4673,1.2558303e-07,40.024754,False,0.13280046,normal,0.0
2012-03-17 22:00:00,6.0,6.968246,1.9909275,14.027751,1.9859501,16.11402,False,0.38125664,normal,0.0
2012-03-17 23:00:00,15.0,9.000413,4.0001836,16.652668,1.9900913,44.06902,False,0.77097875,normal,0.0
2012-03-18 00:00:00,12.0,12.00223,5.942445,20.00652,4.023094,30.022387,False,0.033152543,normal,0.0
2012-03-18 01:00:00,6.0,10.014052,5.971217,18.048996,2.0298755,41.961597,False,0.9388883,normal,0.0
2012-03-18 02:00:00,8.0,7.9841766,3.9920883,14.031524,3.972128,44.048298,False,0.07567341,normal,0.0
2012-03-18 03:00:00,6.0,7.993188,4.987275,10.973699,3.9867718,12.069791,False,1.216035,normal,0.0
2012-03-18 04:00:00,8.0,9.029586,5.974463,12.016816,3.9855776,14.163657,False,0.35854992,normal,0.0
2012-03-18 05:00:00,11.0,9.029586,5.974463,12.016816,3.9855776,14.096106,False,0.83278906,normal,0.0
2012-03-18 06:00:00,10.0,11.023186,8.003717,14.017137,5.9879036,14.022244,False,0.38721085,normal,0.0
2012-03-18 07:00:00,10.0,10.490593,7.970125,11.989247,7.965357,14.062872,False,0.43038303,normal,0.0
2012-03-18 08:00:00,10.0,10.013747,8.966391,11.989247,7.970125,11.989247,False,0.3515372,normal,0.0
2012-03-18 09:00:00,10.0,10.013747,8.991936,11.989247,7.9602475,11.994361,False,0.13383201,normal,0.0
2012-03-18 10:00:00,11.0,10.024973,9.002016,12.002687,7.9790597,12.007466,False,1.0801195,normal,0.0
2012-03-18 11:00:00,10.0,9.979075,9.022178,12.02957,9.022178,12.515545,False,0.5657513,normal,0.0
2012-03-18 12:00:00,11.0,9.990225,9.032258,11.974584,9.032258,12.115888,False,0.7905274,normal,0.0
2012-03-18 13:00:00,11.0,10.001375,8.0148,11.987948,7.9997296,11.997891,False,0.78204376,normal,0.0
2012-03-18 14:00:00,9.0,9.966093,7.972874,12.028042,7.0106306,15.088766,False,0.6306721,normal,0.0
2012-03-18 15:00:00,8.0,9.003849,5.929825,12.028042,1.9832525,36.055298,False,0.40721735,normal,0.0
2012-03-18 16:00:00,14.0,7.9905915,1.997648,39.95468,1.3125828e-07,44.0905,False,0.69090426,normal,0.0
2012-03-18 17:00:00,41.0,7.983184,2.013151,39.037777,2.0030851,43.96237,True,4.129008,high,0.05299777910113335
2012-03-18 18:00:00,4.0,5.996304,1.3766112e-07,39.0121,1.3766112e-07,43.924732,False,0.39166227,normal,0.0
2012-03-18 19:00:00,7.0,5.9836264,1.3737008e-07,10.020772,1.3737008e-07,12.107969,False,0.47874874,normal,0.0
2012-03-18 20:00:00,9.0,5.9899654,2.0207112,10.9948435,1.375156e-07,24.06201,False,0.80439097,normal,0.0
2012-03-18 21:00:00,6.0,8.036107,2.0271263,15.999817,1.3795216e-07,36.00142,False,0.4829742,normal,0.0
2012-03-18 22:00:00,7.0,6.008981,2.0271263,14.57562,1.3795216e-07,44.01796,False,0.0032195782,normal,0.0
2012-03-18 23:00:00,16.0,14.016908,6.027997,19.974094,3.9893718,24.06953,False,0.84028125,normal,0.0
2012-03-19 00:00:00,12.0,11.008523,6.017993,16.092632,4.0364585,20.045431,False,0.14999737,normal,0.0
2012-03-19 01:00:00,8.0,8.024499,3.97544,13.987659,1.9877203,17.963467,False,0.19151877,normal,0.0
2012-03-19 02:00:00,5.0,8.016175,3.971316,11.987492,1.9856582,13.983455,False,1.7546341,normal,0.0
2012-03-19 03:00:00,8.0,7.9912024,1.9794724,12.02346,1.0212611,12.97654,False,0.34214672,normal,0.0
2012-03-19 04:00:00,7.0,9.017595,6.01173,12.02346,4.9805717,14.002933,False,1.3066053,normal,0.0
2012-03-19 05:00:00,10.0,10.012601,7.016129,14.032258,7.011013,14.982359,False,0.021974906,normal,0.0
2012-03-19 06:00:00,10.0,10.012601,7.96623,11.985888,7.005897,14.032258,False,0.07977057,normal,0.0
2012-03-19 07:00:00,10.0,10.002138,8.980022,11.973363,8.030913,11.988344,False,0.3151272,normal,0.0
2012-03-19 08:00:00,10.0,10.002138,8.030913,11.973363,7.0036864,12.486979,False,0.19112383,normal,0.0
2012-03-19 09:00:00,11.0,9.981214,9.981214,11.0267,8.014113,12.02117,False,1.5743561,normal,0.0
2012-03-19 10:00:00,10.0,9.981214,9.034091,12.02117,9.034091,12.026275,False,0.49963945,normal,0.0
2012-03-19 11:00:00,10.0,9.981214,9.034091,12.02117,9.034091,12.02117,False,0.6202703,normal,0.0
2012-03-19 12:00:00,10.0,9.981214,9.034091,12.02117,9.023891,12.031014,False,0.5029955,normal,0.0
2012-03-19 13:00:00,11.0,10.032991,9.015152,11.995969,9.015152,11.995969,False,1.2154764,normal,0.0
2012-03-19 14:00:00,10.0,9.015152,7.997312,11.995969,7.9925866,12.006157,False,0.29959005,normal,0.0
2012-03-19 15:00:00,6.0,9.015152,6.0343356,13.013808,5.0015917,40.05926,True,0.97564036,low,0.004919513128697872
2012-03-19 16:00:00,6.0,10.011913,2.0314028,40.09483,2.0314028,42.036644,False,0.74084514,normal,0.0
2012-03-19 17:00:00,6.0,8.967803,2.024988,44.07064,2.014863,47.94918,False,0.8028656,normal,0.0
2012-03-19 18:00:00,4.0,5.5196114,1.3838871e-07,43.866386,1.3838871e-07,43.939377,False,0.482805,normal,0.0
2012-03-19 19:00:00,4.0,5.9678946,1.3867975e-07,18.325932,1.3867975e-07,39.014385,False,0.4821327,normal,0.0
2012-03-19 20:00:00,11.0,5.9678946,1.3867975e-07,17.976463,1.3867975e-07,39.01475,False,0.7995578,normal,0.0
2012-03-19 21:00:00,13.0,6.0367794,3.0183897,11.99994,1.982935,13.0353985,True,2.47607,high,0.11134602874517441
2012-03-19 22:00:00,12.0,6.984818,4.012555,19.990328,3.9924924,26.037424,False,0.91446537,normal,0.0
2012-03-19 23:00:00,14.0,14.009577,5.993402,24.097237,5.01423,28.019154,False,0.10369049,normal,0.0
2012-03-20 00:00:00,12.0,11.986803,5.9690537,16.056707,5.0146046,17.135937,False,0.08162835,normal,0.0
2012-03-20 01:00:00,12.0,8.032517,3.9787238,13.963068,3.9787238,16.06992,False,1.3894929,normal,0.0
2012-03-20 02:00:00,13.0,8.987887,4.003009,14.956527,4.003009,16.1519,False,1.0118202,normal,0.0
2012-03-20 03:00:00,12.0,11.99383,5.996915,15.030243,5.0051465,16.022015,False,0.39609423,normal,0.0
2012-03-20 04:00:00,12.0,11.989859,8.018696,16.03739,7.010631,16.087078,False,0.038961798,normal,0.0
2012-03-20 05:00:00,15.0,12.025828,10.03429,16.008905,5.9596786,16.009289,False,1.8216308,normal,0.0
2012-03-20 06:00:00,17.0,14.024164,10.01726,18.031067,10.01726,18.036081,False,1.8370109,normal,0.0
2012-03-20 07:00:00,15.0,17.009027,11.028684,20.03803,9.009348,23.999037,False,0.33347696,normal,0.0
2012-03-20 08:00:00,14.0,14.985336,11.004856,18.05461,10.999783,22.019869,False,0.4068518,normal,0.0
2012-03-20 09:00:00,15.0,14.011715,11.03716,16.986269,10.01955,18.00388,False,0.7258237,normal,0.0
2012-03-20 10:00:00,15.0,14.001407,12.034916,16.99047,10.992283,17.00543,False,0.48775652,normal,0.0
2012-03-20 11:00:00,15.0,15.01787,12.014297,16.993906,12.009159,16.993906,False,0.26663607,normal,0.0
2012-03-20 12:00:00,15.0,15.010997,11.992913,16.996578,11.987751,18.048557,False,0.006236176,normal,0.0
2012-03-20 13:00:00,15.0,15.003361,11.970767,17.95615,11.013105,19.008394,False,0.07102594,normal,0.0
2012-03-20 14:00:00,15.0,15.009241,10.996075,17.015825,10.017665,17.979385,False,0.30550963,normal,0.0
2012-03-20 15:00:00,13.0,13.964825,8.96009,17.843496,5.9733934,40.04677,False,0.2585177,normal,0.0
2012-03-20 16:00:00,12.0,11.991997,5.9959984,19.01098,5.023674,43.916634,False,0.12965901,normal,0.0
2012-03-20 17:00:00,53.0,11.967101,7.001161,43.802032,6.0140786,48.05119,True,4.965602,high,0.24993884563446045
2012-03-20 18:00:00,11.0,9.961358,4.0339384,45.9375,4.0339384,47.996048,False,0.18989626,normal,0.0
2012-03-20 19:00:00,12.0,11.000046,7.0301046,15.962472,6.0322437,15.962472,False,0.35976443,normal,0.0
2012-03-20 20:00:00,12.0,12.97379,7.983871,16.965725,3.9919357,22.045137,False,0.2688054,normal,0.0
2012-03-20 21:00:00,11.0,12.019795,8.013197,18.029694,5.00324,24.049616,False,0.6975205,normal,0.0
2012-03-20 22:00:00,11.0,12.019795,8.013197,18.029694,6.0098977,19.95495,False,0.50247616,normal,0.0
2012-03-20 23:00:00,16.0,12.012768,7.98051,20.125605,6.9724464,51.999325,False,0.5090857,normal,0.0
2012-03-21 00:00:00,13.0,12.96035,7.995021,18.009838,5.975227,20.03974,False,0.056113556,normal,0.0
2012-03-21 01:00:00,11.0,12.023689,7.987766,15.975532,5.9647593,16.989983,False,0.42163485,normal,0.0
2012-03-21 02:00:00,8.0,11.014709,7.987766,14.966552,5.9647593,15.975532,False,2.0481303,normal,0.0
2012-03-21 03:00:00,9.0,8.996747,5.9698043,12.023689,4.9561987,12.028739,False,0.2515311,normal,0.0
2012-03-21 04:00:00,9.0,8.996747,6.978785,12.023689,5.9698043,13.042349,False,0.38624024,normal,0.0
2012-03-21 05:00:00,12.0,11.0247135,9.004919,13.970247,7.9752436,14.990254,False,0.8255609,normal,0.0
2012-03-21 06:00:00,12.0,11.28742,10.023903,13.9829235,9.013089,14.993738,False,0.4418835,normal,0.0
2012-03-21 07:00:00,11.0,11.034718,10.023903,12.97211,9.013089,13.9829235,False,0.5250488,normal,0.0
2012-03-21 08:00:00,12.0,11.034718,10.023903,11.961296,9.013089,12.97211,True,1.8182074,high,0.019977306947112083
2012-03-21 09:00:00,11.0,11.982985,10.042079,12.995632,10.037016,14.008279,False,0.80167425,normal,0.0
2012-03-21 10:00:00,12.0,10.970339,10.042079,11.982985,9.029433,11.993121,True,1.3783913,high,0.00876675732433796
2012-03-21 11:00:00,11.0,10.980266,9.966703,13.007392,9.966703,14.020955,False,0.69517773,normal,0.0
2012-03-21 12:00:00,12.0,10.980266,9.966703,11.993829,9.966703,15.069183,True,0.56457704,high,0.0030443225987255573
2012-03-21 13:00:00,11.0,12.004673,9.975715,13.019154,9.975715,14.038287,False,0.7541193,normal,0.0
2012-03-21 14:00:00,11.0,10.990194,8.961236,13.019154,7.009208,15.108276,False,0.07127685,normal,0.0
2012-03-21 15:00:00,9.0,8.961236,6.0023375,14.680601,5.492561,42.025665,False,0.21795213,normal,0.0
2012-03-21 16:00:00,5.0,8.031296,4.9878573,39.9874,3.9683056,42.01805,False,0.63984424,normal,0.0
2012-03-21 17:00:00,6.0,4.9653287,3.0296924,35.939724,2.019795,41.000164,False,0.12357306,normal,0.0
2012-03-21 18:00:00,5.0,5.959571,3.0206044,13.004935,1.9495145,32.051926,False,0.2677648,normal,0.0
2012-03-21 19:00:00,6.0,4.975257,3.9965177,11.010814,3.0075834,12.988294,False,0.1394141,normal,0.0
2012-03-21 20:00:00,4.0,6.0355573,3.9965177,12.994808,3.0075834,20.183754,False,0.8066342,normal,0.0
2012-03-21 21:00:00,9.0,4.9612813,3.009302,10.979885,3.004422,14.009132,False,1.7186557,normal,0.0
2012-03-21 22:00:00,9.0,7.9780674,3.9890337,14.026753,3.0121274,16.057508,False,0.1758931,normal,0.0
2012-03-21 23:00:00,4.0,9.470003,4.00026,16.00104,3.9953616,23.92033,True,1.7187171,low,2.165494515793398e-05
2012-03-22 00:00:00,6.0,5.9790444,4.037875,12.038887,2.9895222,13.988146,False,0.11382855,normal,0.0
2012-03-22 01:00:00,6.0,6.0254765,4.0169845,9.962121,2.0084922,10.052111,False,0.02427395,normal,0.0
2012-03-22 02:00:00,6.0,4.9810605,4.0169845,8.998045,4.006942,9.967348,False,0.30427924,normal,0.0
2012-03-22 03:00:00,4.0,6.0140214,4.0093474,8.980938,2.9669173,10.033402,True,1.4270798,low,0.0018801703117787838
2012-03-22 04:00:00,6.0,6.0025663,4.001711,10.004277,1.9908514,10.969894,False,0.12407708,normal,0.0
2012-03-22 05:00:00,10.0,7.02957,3.9940739,11.982222,3.9940739,13.035473,False,1.3125933,normal,0.0
2012-03-22 06:00:00,8.0,9.975639,5.961442,11.970767,3.9902556,11.970767,False,1.0911272,normal,0.0
2012-03-22 07:00:00,9.0,9.000717,5.0180993,10.992026,3.972662,10.997209,False,0.3589536,normal,0.0
2012-03-22 08:00:00,9.0,8.992088,7.002689,10.981488,5.963426,12.025933,False,0.14487894,normal,0.0
2012-03-22 09:00:00,9.0,8.9834585,6.9959683,10.970949,5.9577026,10.970949,False,0.2641011,normal,0.0
2012-03-22 10:00:00,9.0,8.974829,6.9892473,10.96041,6.0310054,10.96041,False,0.07367883,normal,0.0
2012-03-22 11:00:00,9.0,9.03684,6.9758067,11.018603,6.02456,11.975007,False,0.20163278,normal,0.0
2012-03-22 12:00:00,9.0,9.028134,6.957207,11.007988,6.0136085,11.96347,False,0.11955747,normal,0.0
2012-03-22 13:00:00,9.0,9.010722,7.983184,10.986757,6.0071483,10.9919,False,0.1748615,normal,0.0
2012-03-22 14:00:00,9.0,8.993311,5.99554,10.965528,4.9601264,10.980531,False,0.30913356,normal,0.0
2012-03-22 15:00:00,4.0,5.99554,4.023323,13.988945,4.0130677,40.084538,True,0.7270577,low,0.002340351464226842
2012-03-22 16:00:00,2.0,5.0293255,1.9645805,11.001649,1.9547577,13.001627,False,1.5788139,normal,0.0
2012-03-22 17:00:00,6.0,2.0193367,1.4799298e-07,9.034599,1.4799298e-07,40.172386,False,0.5243698,normal,0.0
2012-03-22 18:00:00,2.0,5.024591,2.0248353,10.073564,0.97004616,14.646988,True,0.35860074,low,0.0030856237281113863
2012-03-22 19:00:00,0.0,3.966581,2.003872,10.028714,1.4260877e-07,11.016633,True,1.8395997,low,0.24970854818820953
2012-03-22 20:00:00,2.0,2.0062778,1.4159014e-07,13.027809,1.4159014e-07,16.069931,False,0.33536088,normal,0.0
2012-03-22 21:00:00,4.0,1.991844,1.405715e-07,10.032991,1.405715e-07,14.026648,False,0.20773292,normal,0.0
2012-03-22 22:00:00,2.0,3.97544,1.4028046e-07,10.012219,1.4028046e-07,12.005098,False,0.8332351,normal,0.0
2012-03-22 23:00:00,6.0,1.9774103,1.3955287e-07,9.008202,1.3955287e-07,10.043422,False,1.2169491,normal,0.0
2012-03-23 00:00:00,4.0,3.9860554,2.0038989,10.001375,1.3809768e-07,12.988032,False,0.32973528,normal,0.0
2012-03-23 01:00:00,8.0,4.024316,2.012158,8.982847,2.0020971,10.674807,False,0.25653666,normal,0.0
2012-03-23 02:00:00,4.0,5.9646106,2.012158,12.001084,2.0020971,15.034067,False,0.8975495,normal,0.0
2012-03-23 03:00:00,6.0,6.030059,2.0100198,9.978312,1.9999697,9.978312,False,0.35351324,normal,0.0
2012-03-23 04:00:00,6.0,6.0172286,2.005743,12.034457,2.005743,12.064214,False,0.27851608,normal,0.0
2012-03-23 05:00:00,9.0,8.014419,3.9821646,12.021628,2.003605,12.026642,False,0.6179938,normal,0.0
2012-03-23 06:00:00,9.0,8.005865,4.002933,11.008064,4.002933,12.018815,False,0.47692722,normal,0.0
2012-03-23 07:00:00,10.0,8.996976,5.997984,11.995968,3.9936578,16.00463,False,0.536521,normal,0.0
2012-03-23 08:00:00,8.0,9.996639,7.9973116,11.995968,5.997984,12.995631,False,1.6594748,normal,0.0
2012-03-23 09:00:00,9.0,8.977731,5.985154,11.970308,4.985134,11.970308,False,0.27984625,normal,0.0
2012-03-23 10:00:00,9.0,9.029586,5.9723244,11.02036,5.9623704,11.025342,False,0.08950435,normal,0.0
2012-03-23 11:00:00,10.0,9.019886,8.025568,11.008523,5.9609375,12.007817,False,1.0649043,normal,0.0
2012-03-23 12:00:00,9.0,9.019886,8.025568,11.008523,8.025568,12.002841,False,0.54305476,normal,0.0
2012-03-23 13:00:00,9.0,9.010187,6.9988585,10.996685,6.020153,12.020116,False,0.20693964,normal,0.0
2012-03-23 14:00:00,8.0,8.99079,6.017458,10.973011,4.015061,14.671909,False,0.17293906,normal,0.0
2012-03-23 15:00:00,6.0,4.0265307,1.977945,8.971393,1.3460522e-07,8.991545,False,0.69507194,normal,0.0
2012-03-23 16:00:00,12.0,4.0265307,1.3460522e-07,7.98242,1.3460522e-07,10.045855,True,3.8660467,high,0.5033034682273865
2012-03-23 17:00:00,39.0,8.034198,0.97050273,22.090508,1.3547833e-07,52.51212,True,2.7201629,high,0.8006386160850525
2012-03-23 18:00:00,78.0,6.0367794,1.4028046e-07,39.018208,1.4028046e-07,150.625,True,4.113309,high,0.9990667104721069
2012-03-23 19:00:00,6.0,9.03684,1.9817634,162.1875,1.5104888e-07,162.1875,False,0.5049716,normal,0.0
2012-03-23 20:00:00,2.0,6.036168,1.9855818,11.992913,1.5133992e-07,43.96161,False,0.9532075,normal,0.0
2012-03-23 21:00:00,0.0,4.0155334,1.5003025e-07,10.001434,1.5003025e-07,14.10524,True,1.3017035,low,1.500087165595687e-08
2012-03-23 22:00:00,4.0,2.0213223,1.481385e-07,8.007545,1.481385e-07,40.06263,False,0.1651276,normal,0.0
2012-03-23 23:00:00,13.0,4.010875,1.4697434e-07,9.951983,1.4697434e-07,11.764535,True,0.7587771,high,0.3062722384929657
2012-03-24 00:00:00,11.0,10.01726,1.9533656,17.052465,1.4682882e-07,21.111834,False,0.2687171,normal,0.0
2012-03-24 01:00:00,6.0,10.007331,5.954362,16.036758,1.9914591,22.035778,False,1.4296861,normal,0.0
2012-03-24 02:00:00,6.0,5.9686584,1.9895529,12.013838,0.99477655,13.013594,False,0.23895107,normal,0.0
2012-03-24 03:00:00,6.0,6.0029473,1.9756538,12.005895,1.4479156e-07,12.0108385,False,0.19256,normal,0.0
2012-03-24 04:00:00,6.0,8.006018,2.9947038,12.009026,1.9539216,13.015845,False,0.61021996,normal,0.0
2012-03-24 05:00:00,10.0,9.0084305,6.005621,12.987154,2.0167627,15.039225,False,0.38291514,normal,0.0
2012-03-24 06:00:00,9.0,9.037298,6.99457,12.024836,5.975074,15.022465,False,0.28768015,normal,0.0
2012-03-24 07:00:00,10.0,8.963374,6.0002756,12.989494,6.0002756,14.030672,False,0.30220404,normal,0.0
2012-03-24 08:00:00,9.0,8.990867,8.032823,12.012387,5.9693456,12.032305,False,0.41958869,normal,0.0
2012-03-24 09:00:00,10.0,9.017595,7.9912024,12.02346,7.9912024,13.001858,False,0.37993413,normal,0.0
2012-03-24 10:00:00,10.0,9.991676,8.022513,12.033771,6.9916205,12.033771,False,0.4757145,normal,0.0
2012-03-24 11:00:00,9.0,10.011913,7.9805107,11.970766,6.021658,11.975849,False,0.9536831,normal,0.0
2012-03-24 12:00:00,10.0,9.011486,8.002199,11.967253,7.9921064,15.009905,False,0.3942625,normal,0.0
2012-03-24 13:00:00,10.0,9.035465,8.031525,11.975577,6.023644,16.131311,False,0.16906096,normal,0.0
2012-03-24 14:00:00,7.0,8.987353,5.991569,12.008112,3.9943798,14.9939165,False,1.2099184,normal,0.0
2012-03-24 15:00:00,6.0,6.0109663,1.3475074e-07,18.383078,1.3475074e-07,52.441185,False,0.117827505,normal,0.0
2012-03-24 16:00:00,54.0,5.9655275,1.9651151,50.08939,1.337321e-07,143.59375,True,2.7013435,high,0.08126065880060196
2012-03-24 17:00:00,62.0,51.996925,1.9815344,78.01373,1.9815344,150.15625,False,0.64858264,normal,0.0
2012-03-24 18:00:00,63.0,12.963557,1.4115358e-07,78.00358,1.4115358e-07,78.07765,False,0.96145695,normal,0.0
2012-03-24 19:00:00,64.0,6.0097446,1.4872057e-07,66.03109,1.4872057e-07,66.244606,False,2.5945475,normal,0.0
2012-03-24 20:00:00,65.0,15.99386,1.9684752,67.99441,1.5628757e-07,68.095726,False,1.1696192,normal,0.0
2012-03-24 21:00:00,66.0,64.55049,61.966324,67.47678,61.624207,67.64892,False,1.1284223,normal,0.0
2012-03-24 22:00:00,47.0,66.166145,63.798878,68.799706,63.00678,69.41578,True,14.975245,low,1.0
2012-03-24 23:00:00,75.0,10.97599,2.046371,52.22898,1.7724233e-07,56.109188,True,3.1139858,high,0.4537631571292877
2012-03-25 00:00:00,68.0,68.02202,3.998427,78.11561,3.9784348,78.21313,False,0.5337864,normal,0.0
2012-03-25 01:00:00,67.0,35.908173,2.0344577,71.91807,2.0242853,72.135765,False,1.0416548,normal,0.0
2012-03-25 02:00:00,68.0,66.46169,63.06706,69.448235,62.96371,70.383675,False,0.974644,normal,0.0
2012-03-25 03:00:00,68.0,67.78654,63.473846,71.98864,62.966278,71.9892,False,0.20098807,normal,0.0
2012-03-25 04:00:00,67.0,68.01664,63.06788,72.159775,33.945595,75.152054,False,0.0479702,normal,0.0
2012-03-25 05:00:00,71.0,68.00503,64.17452,74.937,63.82194,77.92492,False,1.140524,normal,0.0
2012-03-25 06:00:00,72.0,70.44476,66.84191,75.036705,65.11118,75.77835,False,0.8801827,normal,0.0
2012-03-25 07:00:00,65.0,72.01857,67.90002,76.00532,67.00299,76.13521,True,3.1541076,low,0.35779255628585815
2012-03-25 08:00:00,15.0,66.96152,63.17876,72.11472,61.983543,73.79704,True,20.560505,low,1.0
2012-03-25 09:00:00,15.0,11.966184,7.9541883,15.954911,3.9840746,19.017593,False,1.3666221,normal,0.0
2012-03-25 10:00:00,16.0,15.058727,9.994731,17.057674,9.046564,18.128448,False,0.9755483,normal,0.0
2012-03-25 11:00:00,15.0,15.427168,10.952621,18.863228,8.934401,22.04817,False,0.069602564,normal,0.0
2012-03-25 12:00:00,15.0,14.99389,10.97767,17.002,10.035196,17.805914,False,0.089321196,normal,0.0
2012-03-25 13:00:00,14.0,15.019549,10.996456,17.031097,10.05237,20.124865,False,0.9155683,normal,0.0
2012-03-25 14:00:00,15.0,10.007751,4.9702926,15.330673,4.019892,18.020689,False,1.5603404,normal,0.0
2012-03-25 15:00:00,12.0,11.040293,3.9886422,23.965513,2.0094683,32.06332,False,0.14982928,normal,0.0
2012-03-25 16:00:00,52.0,11.059079,2.5698682e-07,55.83486,2.5698682e-07,60.015736,False,2.6433928,normal,0.0
2012-03-25 17:00:00,65.0,64.93593,50.77186,77.95426,2.6382622e-07,78.08995,False,0.13350901,normal,0.0
2012-03-25 18:00:00,86.0,65.04765,60.043987,72.26726,58.0125,78.05718,True,5.912983,high,1.0
2012-03-25 19:00:00,64.0,83.14986,74.87216,87.4155,66.07244,87.999405,True,4.211094,low,0.8667680025100708
2012-03-25 20:00:00,65.0,64.04165,3.9930048,72.32719,3.9730399,78.017166,False,0.3396086,normal,0.0
2012-03-25 21:00:00,65.0,65.03483,57.8628,70.098366,47.945385,71.99719,False,0.109612,normal,0.0
2012-03-25 22:00:00,87.0,65.00489,51.95515,75.89727,6.0129523,78.00586,True,3.0701277,high,0.4637320935726166
2012-03-25 23:00:00,69.0,73.87364,61.99658,93.16333,61.99658,95.85883,False,0.64899206,normal,0.0
2012-03-26 00:00:00,66.0,67.98571,15.955829,78.044815,6.0701528,83.7681,False,0.13914849,normal,0.0
2012-03-26 01:00:00,67.0,66.04358,63.889595,72.096085,62.83485,75.12679,False,0.12677227,normal,0.0
2012-03-26 02:00:00,85.0,67.041176,63.935726,70.51197,51.85461,71.98342,True,7.886329,high,1.0
2012-03-26 03:00:00,67.0,67.93439,63.028015,86.99376,63.028015,87.74858,False,0.65588206,normal,0.0
2012-03-26 04:00:00,68.0,66.95718,63.08682,71.98864,33.47859,75.33171,False,0.2680971,normal,0.0
2012-03-26 05:00:00,71.0,68.00067,64.03562,76.922035,63.039394,85.06529,False,0.91027236,normal,0.0
2012-03-26 06:00:00,17.0,68.9898,61.88791,80.96156,15.015428,83.60143,True,6.613169,low,1.0
2012-03-26 07:00:00,74.0,16.08428,9.950876,17.92176,8.913543,19.952652,True,26.95844,high,1.0
2012-03-26 08:00:00,71.0,16.059307,8.968185,76.17223,7.885746,79.87941,False,1.4940473,normal,0.0
2012-03-26 09:00:00,70.0,15.997297,9.998311,74.01416,8.958487,74.234924,False,1.4361751,normal,0.0
2012-03-26 10:00:00,71.0,68.874016,10.025966,72.17061,4.1531166e-07,74.10932,False,0.78388345,normal,0.0
2012-03-26 11:00:00,69.0,69.92485,14.920272,73.95557,14.029509,74.825165,False,0.24870503,normal,0.0
2012-03-26 12:00:00,71.0,69.09091,15.454546,73.86364,14.070456,75.0,False,0.43934944,normal,0.0
2012-03-26 13:00:00,70.0,70.06629,17.847183,72.61837,13.920456,74.01157,False,0.2528733,normal,0.0
2012-03-26 14:00:00,71.0,69.10649,61.935505,72.92274,14.909962,75.5095,False,0.40508583,normal,0.0
2012-03-26 15:00:00,69.0,70.00626,63.240997,73.63331,61.72983,74.11008,False,0.036750007,normal,0.0
2012-03-26 16:00:00,66.0,68.98216,62.083946,83.530014,60.103172,85.736206,False,0.70804685,normal,0.0
2012-03-26 17:00:00,92.0,66.07939,62.059353,88.189606,59.749084,88.95971,True,2.3718843,high,0.14582307636737823
2012-03-26 18:00:00,66.0,78.37733,62.908115,93.330894,62.902958,94.362175,False,1.0245513,normal,0.0
2012-03-26 19:00:00,66.0,65.93964,43.5438,86.50311,5.005859e-07,89.33377,False,0.07427952,normal,0.0
2012-03-26 20:00:00,66.0,66.133766,63.44959,73.9922,57.81082,88.09045,False,0.038915534,normal,0.0
2012-03-26 21:00:00,66.0,65.97782,63.51047,84.83059,32.823967,88.344864,False,0.049572296,normal,0.0
2012-03-26 22:00:00,99.0,68.09445,61.7496,92.087,16.9196,93.475235,True,2.0988686,high,0.2278706133365631
2012-03-26 23:00:00,76.0,68.062,62.91463,83.461395,60.088203,86.31631,False,1.7960206,normal,0.0
2012-03-27 00:00:00,68.0,67.88902,63.805527,78.043365,62.086544,82.98999,False,0.28863555,normal,0.0
2012-03-27 01:00:00,66.0,67.85267,64.01752,76.11299,63.132484,84.1536,False,0.56687796,normal,0.0
2012-03-27 02:00:00,51.0,65.877014,64.97121,84.74929,61.75521,98.81553,True,2.5865989,low,0.7063983082771301
2012-03-27 03:00:00,52.0,50.909092,6.0606065,70.0,5.7742e-07,72.13031,False,0.4139573,normal,0.0
2012-03-27 04:00:00,73.0,52.112354,15.02062,73.93059,11.9459915,77.861984,False,1.797481,normal,0.0
2012-03-27 05:00:00,72.0,70.12349,14.024698,77.92279,12.143831,80.12625,False,0.4358129,normal,0.0
2012-03-27 06:00:00,74.0,68.990715,12.025905,76.000565,9.176083,77.85191,False,0.6576016,normal,0.0
2012-03-27 07:00:00,76.0,70.07285,11.8931,75.85869,9.000184,77.7873,True,0.6563599,high,0.0022091823630034924
2012-03-27 08:00:00,76.0,74.109924,15.972812,77.70116,14.038445,79.3368,False,0.44820803,normal,0.0
2012-03-27 09:00:00,76.0,73.962074,64.68365,79.932106,17.8902,81.595436,False,0.34012574,normal,0.0
2012-03-27 10:00:00,39.0,76.11345,66.0099,78.80774,17.165941,79.15969,True,5.2364116,low,1.0
2012-03-27 11:00:00,26.0,31.873167,8.137831,73.918625,6.0728564,75.95308,False,0.23728229,normal,0.0
2012-03-27 12:00:00,76.0,25.86266,15.968491,29.94624,13.931807,32.336838,True,15.570428,high,1.0
2012-03-27 13:00:00,74.0,75.991264,19.23097,79.1,14.091198,80.828804,False,0.20072262,normal,0.0
2012-03-27 14:00:00,72.0,72.87879,17.869318,78.83523,15.061034,79.88636,False,0.24744248,normal,0.0
2012-03-27 15:00:00,67.0,70.87564,47.64122,76.02701,13.85539,92.013985,False,0.3080175,normal,0.0
2012-03-27 16:00:00,95.0,65.86625,53.988728,86.76889,15.116844,96.11435,True,3.561639,high,0.2511003315448761
2012-03-27 17:00:00,72.0,68.85753,61.89852,97.06898,6.9790985e-07,98.89113,False,0.15637654,normal,0.0
2012-03-27 18:00:00,66.0,69.5157,64.140686,91.87323,50.637676,98.84877,False,0.5282853,normal,0.0
2012-03-27 19:00:00,98.0,65.84823,62.905285,76.44291,49.21511,91.994415,True,5.8325834,high,1.0
2012-03-27 20:00:00,66.0,67.105865,63.356934,100.14333,52.104515,102.34582,False,0.45523322,normal,0.0
2012-03-27 21:00:00,66.0,66.08183,49.722786,98.75247,32.961163,100.26971,False,0.25116202,normal,0.0
2012-03-27 22:00:00,11.0,68.11331,63.110645,99.31268,51.946983,102.36238,True,5.095793,low,1.0
2012-03-27 23:00:00,19.0,11.175313,6.16569,72.8322,6.1599097,73.99791,False,0.08784482,normal,0.0
2012-03-28 00:00:00,12.0,17.361622,6.9446487,74.07625,6.1730213,76.00532,False,0.64727306,normal,0.0
2012-03-28 01:00:00,9.0,11.962595,6.1742435,64.82955,6.162667,66.00653,False,0.5397875,normal,0.0
2012-03-28 02:00:00,10.0,8.880744,6.177909,63.796593,5.0195513,71.07107,False,0.15034933,normal,0.0
2012-03-28 03:00:00,11.0,10.047044,6.1827965,15.872407,6.177,68.01075,False,0.05660097,normal,0.0
2012-03-28 04:00:00,10.0,10.056972,6.188906,18.953524,6.183104,43.73044,False,0.20123982,normal,0.0
2012-03-28 05:00:00,13.0,10.064914,7.7422414,15.097371,6.968017,53.820194,False,0.40059447,normal,0.0
2012-03-28 06:00:00,12.0,13.944283,10.061187,49.744347,8.132228,75.91887,False,0.3859066,normal,0.0
2012-03-28 07:00:00,16.0,12.014678,8.914117,19.146029,8.138976,49.740894,False,0.43377903,normal,0.0
2012-03-28 08:00:00,12.0,15.909167,10.864798,73.33738,10.08874,75.667496,False,0.53745824,normal,0.0
2012-03-28 09:00:00,14.0,13.006629,8.929925,18.267527,6.9828124,73.386505,False,0.007626833,normal,0.0
2012-03-28 10:00:00,12.0,13.988271,10.10264,49.73607,8.927237,51.741116,False,0.4444545,normal,0.0
2012-03-28 11:00:00,13.0,12.827621,8.940464,59.969166,7.774316,77.74316,False,0.18902168,normal,0.0
2012-03-28 12:00:00,13.0,12.837702,10.114553,19.917917,8.941654,54.192722,False,0.11892972,normal,0.0
2012-03-28 13:00:00,13.0,12.845263,8.95276,17.127018,7.7811155,54.156452,False,0.0394312,normal,0.0
2012-03-28 14:00:00,12.0,12.852823,8.958029,36.70862,7.010631,61.232098,False,0.20702656,normal,0.0
2012-03-28 15:00:00,10.0,12.085701,8.187088,54.19072,5.844022,56.535744,False,0.40200445,normal,0.0
2012-03-28 16:00:00,8.0,12.095171,7.803336,57.85202,7.41317,65.93819,False,0.7812651,normal,0.0
2012-03-28 17:00:00,6.0,8.893039,5.413154,60.76267,3.866539,66.12748,False,0.5308875,normal,0.0
2012-03-28 18:00:00,8.0,6.118036,3.0590184,55.836636,1.9080629,63.856995,False,0.08029379,normal,0.0
2012-03-28 19:00:00,7.0,7.941716,4.897392,14.389639,4.1542745,40.120823,False,0.31990916,normal,0.0
2012-03-28 20:00:00,8.0,7.850303,5.9811835,16.093128,3.7345016,38.199265,False,0.16414043,normal,0.0
2012-03-28 21:00:00,8.0,8.128361,5.9115353,47.661747,4.799428,58.01618,False,0.32725778,normal,0.0
2012-03-28 22:00:00,7.0,8.030914,5.466498,37.96432,4.0154576,76.293686,False,0.3727254,normal,0.0
2012-03-28 23:00:00,17.0,7.9637103,5.420753,34.02676,3.9818554,56.178608,False,1.0125089,normal,0.0
2012-03-29 00:00:00,14.0,12.156953,6.427095,45.76735,6.0731134,56.197357,False,0.039845277,normal,0.0
2012-03-29 01:00:00,10.0,12.016741,8.128972,24.086514,6.0083704,71.76823,False,0.4275587,normal,0.0
2012-03-29 02:00:00,9.0,10.123336,6.9641566,18.169647,5.9343696,52.093365,False,0.40641645,normal,0.0
2012-03-29 03:00:00,10.0,9.99267,6.865653,16.910017,5.1668997,21.136332,False,0.14617977,normal,0.0
2012-03-29 04:00:00,9.0,9.864218,7.117543,17.109352,5.1021814,38.246094,False,0.38167116,normal,0.0
2012-03-29 05:00:00,13.0,12.085778,8.057185,30.902792,7.050038,66.149506,False,0.06690291,normal,0.0
2012-03-29 06:00:00,12.0,12.92018,7.95088,19.926912,5.958191,67.95356,False,0.25795415,normal,0.0
2012-03-29 07:00:00,12.0,14.048297,10.127841,18.948864,9.144461,18.948864,False,0.9865442,normal,0.0
2012-03-29 08:00:00,11.0,13.874253,10.002368,21.618021,9.034397,26.264408,False,0.78291696,normal,0.0
2012-03-29 09:00:00,13.0,12.894062,9.984839,17.108818,9.025844,23.865309,False,0.0031084344,normal,0.0
2012-03-29 10:00:00,12.0,11.921356,9.988163,18.043135,9.019957,19.976326,False,0.38023007,normal,0.0
2012-03-29 11:00:00,12.0,12.875734,9.978693,17.060347,9.003357,26.18291,False,0.38324863,normal,0.0
2012-03-29 12:00:00,12.0,11.901577,8.982473,17.048204,7.0766134,19.063513,False,0.14939943,normal,0.0
2012-03-29 13:00:00,13.0,11.8931,8.035879,18.988789,7.068359,54.41102,False,0.054264385,normal,0.0
2012-03-29 14:00:00,11.0,11.890274,8.033969,56.0209,7.069893,68.12806,False,0.35805875,normal,0.0
2012-03-29 15:00:00,9.0,9.952652,6.1000133,55.237225,6.1000133,57.83137,False,0.4484937,normal,0.0
2012-03-29 16:00:00,7.0,8.020605,4.4835186,34.36831,1.915321,40.244324,False,0.22975391,normal,0.0
2012-03-29 17:00:00,8.0,6.030365,5.0782022,32.07996,4.1228657,48.01607,False,0.035775375,normal,0.0
2012-03-29 18:00:00,8.0,6.886761,5.3137627,10.064079,4.0694504,21.932787,False,0.32422435,normal,0.0
2012-03-29 19:00:00,8.0,7.0627913,6.141557,11.077842,3.9920125,18.357347,False,0.05050862,normal,0.0
2012-03-29 20:00:00,6.0,7.8728313,6.056024,13.928855,4.8311934,16.059072,True,1.1248776,low,0.007116127293556929
2012-03-29 21:00:00,8.0,6.860796,5.0710235,13.147381,4.1746454,23.935299,False,0.110640354,normal,0.0
2012-03-29 22:00:00,9.0,7.936447,5.8788495,23.81669,5.87738,35.941895,False,0.09886127,normal,0.0
2012-03-29 23:00:00,16.0,16.991158,8.927557,21.63494,8.063601,25.928804,False,0.06800627,normal,0.0
2012-03-30 00:00:00,13.0,13.9129715,9.086022,19.023859,7.0984554,21.011427,False,0.13879126,normal,0.0
2012-03-30 01:00:00,9.0,10.076063,8.102835,12.8749695,6.437485,17.922806,False,0.6049179,normal,0.0
2012-03-30 02:00:00,10.0,9.090222,6.886533,12.1202965,6.0601482,12.961845,False,0.6568479,normal,0.0
2012-03-30 03:00:00,9.0,9.9801445,8.09201,11.895264,7.013075,14.0275,False,0.8820723,normal,0.0
2012-03-30 04:00:00,10.0,10.081562,7.959128,14.061126,6.897911,15.93419,False,0.2457708,normal,0.0
2012-03-30 05:00:00,11.0,12.000244,9.913245,16.956867,8.869746,19.05823,False,0.53047496,normal,0.0
2012-03-30 06:00:00,11.0,12.045759,8.970247,15.91579,7.9399495,24.310863,False,0.29580596,normal,0.0
2012-03-30 07:00:00,10.0,12.024223,8.95421,14.0709,8.185427,16.117577,False,1.1994381,normal,0.0
2012-03-30 08:00:00,13.0,11.041668,9.034092,14.053032,9.034092,16.070654,False,1.2674001,normal,0.0
2012-03-30 09:00:00,12.0,12.079363,10.107222,16.072966,10.102291,20.283535,False,0.042925328,normal,0.0
2012-03-30 10:00:00,12.0,12.104411,9.925617,14.041117,9.920775,15.982669,False,0.30514288,normal,0.0
2012-03-30 11:00:00,12.0,12.116707,9.978464,14.0649,9.978464,15.918026,False,0.36503518,normal,0.0
2012-03-30 12:00:00,13.0,11.894703,10.938462,13.99377,9.794472,16.092833,False,0.6509625,normal,0.0
2012-03-30 13:00:00,12.0,13.041606,10.067205,19.90561,10.067205,75.73398,False,0.2304435,normal,0.0
2012-03-30 14:00:00,11.0,10.994165,8.97483,13.910985,8.071737,15.930323,False,0.06119078,normal,0.0
2012-03-30 15:00:00,10.0,9.011333,7.033236,12.11036,5.932095,18.022667,False,0.76344806,normal,0.0
2012-03-30 16:00:00,12.0,7.9654665,6.0279207,9.903012,6.0279207,12.245476,True,1.3072273,high,0.5411452054977417
2012-03-30 17:00:00,43.0,8.024041,5.9124517,12.036062,5.90295,16.048082,True,19.532896,high,1.0
2012-03-30 18:00:00,4.0,44.179802,9.930084,75.91978,8.08926,77.988754,True,2.894688,low,0.08986379206180573
2012-03-30 19:00:00,4.0,4.256324,2.026821,66.094635,3.8620783e-07,68.10117,False,0.5379752,normal,0.0
2012-03-30 20:00:00,6.0,5.047654,1.9794725,47.903225,1.9695752,52.139378,False,0.1459866,normal,0.0
2012-03-30 21:00:00,6.0,6.477731,4.0558333,40.171654,1.9336513,46.03057,False,0.24227276,normal,0.0
2012-03-30 22:00:00,63.0,6.984971,3.9644432,14.021876,3.3962061,42.1364,True,12.053961,high,1.0
2012-03-30 23:00:00,36.0,66.04197,10.045821,85.947586,7.9994507,85.957825,False,0.41363445,normal,0.0
2012-03-31 00:00:00,11.0,14.546829,4.025538,66.05542,4.025538,68.068184,False,0.73001456,normal,0.0
2012-03-31 01:00:00,10.0,8.931299,5.001528,11.994745,3.0312834,45.93727,False,0.20068751,normal,0.0
2012-03-31 02:00:00,10.0,9.937913,6.973974,16.04014,5.9130583,19.14893,False,0.09685784,normal,0.0
2012-03-31 03:00:00,10.0,9.930657,8.047256,11.985275,7.0096745,15.924152,False,0.10811149,normal,0.0
2012-03-31 04:00:00,10.0,10.080646,8.064516,13.995315,7.051411,18.067123,False,0.3013753,normal,0.0
2012-03-31 05:00:00,12.0,10.934369,8.975974,15.993555,7.9967775,17.98217,False,0.3927392,normal,0.0
2012-03-31 06:00:00,12.0,12.054924,9.969106,13.958334,9.035642,19.119034,False,0.034707192,normal,0.0
2012-03-31 07:00:00,12.0,12.002841,10.002368,16.003788,9.996982,17.90121,False,0.24980573,normal,0.0
2012-03-31 08:00:00,13.0,12.068594,9.982664,14.005528,9.977449,15.983478,False,0.49302444,normal,0.0
2012-03-31 09:00:00,12.0,11.967253,10.957967,13.9858265,10.95292,16.004398,False,0.30084226,normal,0.0
2012-03-31 10:00:00,12.0,11.979472,10.980021,14.068915,10.024451,14.078675,False,0.3148947,normal,0.0
2012-03-31 11:00:00,11.0,11.939379,10.0181,14.021917,10.007807,17.091911,False,0.8152628,normal,0.0
2012-03-31 12:00:00,14.0,11.975807,11.023186,14.017137,9.929713,15.005176,False,1.3120865,normal,0.0
2012-03-31 13:00:00,12.0,11.953201,9.982893,15.000621,9.978295,16.029774,False,0.3753701,normal,0.0
2012-03-31 14:00:00,12.0,11.015854,8.989951,32.056824,7.9719334,48.088097,False,0.037005857,normal,0.0
2012-03-31 15:00:00,8.0,10.007027,6.956104,13.082365,5.0035133,33.97695,False,0.5817975,normal,0.0
2012-03-31 16:00:00,52.0,7.05187,3.9960597,13.119442,3.9960597,46.072216,True,7.93494,high,1.0
2012-03-31 17:00:00,62.0,7.9973116,3.9986563,83.97177,2.9658604,88.08467,False,1.4938672,normal,0.0
2012-03-31 18:00:00,65.0,61.962063,4.99328,66.387924,3.9719274,67.97669,False,0.58160746,normal,0.0
2012-03-31 19:00:00,66.0,63.848286,4.964403,68.27117,3.9692545,68.384575,False,0.5001487,normal,0.0
2012-03-31 20:00:00,67.0,65.80134,60.51947,68.023384,3.9946852,69.01984,False,0.32794595,normal,0.0
2012-03-31 21:00:00,68.0,66.957016,63.178886,69.844055,5.996151,70.067245,False,0.2721243,normal,0.0
2012-03-31 22:00:00,65.0,69.106186,65.60362,72.51702,64.157555,73.27591,True,2.1933784,low,0.08731195330619812
2012-03-31 23:00:00,64.0,65.03849,7.9568367,69.88467,5.996457,71.95748,False,0.3010502,normal,0.0
2012-04-01 00:00:00,22.0,63.88914,7.9564543,68.04846,6.0564055,68.16484,False,1.8627578,normal,0.0
2012-04-01 01:00:00,16.0,10.039407,7.9837184,24.022865,5.9710565,34.09218,False,1.0937651,normal,0.0
2012-04-01 02:00:00,12.0,14.046004,9.003849,18.148767,8.999047,21.024,False,0.7092613,normal,0.0
2012-04-01 03:00:00,14.0,12.020407,9.976937,15.987141,9.015305,17.043827,False,0.91949266,normal,0.0
2012-04-01 04:00:00,13.0,13.006783,9.995954,16.017612,9.017434,16.985897,False,0.047569487,normal,0.0
2012-04-01 05:00:00,17.0,13.031526,10.980268,16.048082,10.014969,17.01338,True,3.200395,high,0.18783588707447052
2012-04-01 06:00:00,16.0,14.032258,11.008065,22.01613,10.040323,24.012157,False,0.35620776,normal,0.0
2012-04-01 07:00:00,16.0,15.037879,11.981793,17.95147,9.944404,20.014936,False,0.522175,normal,0.0
2012-04-01 08:00:00,15.0,16.008064,11.035863,18.921654,11.025555,19.889414,False,0.45132697,normal,0.0
2012-04-01 09:00:00,14.0,14.944785,12.028729,17.982344,11.051244,20.047882,False,0.5080097,normal,0.0
2012-04-01 10:00:00,14.0,13.972767,11.056711,16.038307,11.051244,17.01519,False,0.19281138,normal,0.0
2012-04-01 11:00:00,14.0,13.990333,10.948956,16.082808,10.948956,17.03658,False,0.2100227,normal,0.0
2012-04-01 12:00:00,14.0,13.999114,12.051412,17.042398,10.955829,17.047272,False,0.11127637,normal,0.0
2012-04-01 13:00:00,16.0,14.007897,10.962703,15.956822,10.95783,15.956822,True,2.0185513,high,0.008645687252283096
2012-04-01 14:00:00,12.0,14.034245,10.007027,16.987545,8.048944,18.241642,False,0.6088808,normal,0.0
2012-04-01 15:00:00,6.0,10.007027,5.979809,14.0586605,4.998632,20.215,False,0.9850319,normal,0.0
2012-04-01 16:00:00,15.0,6.2691684,0.9738516,48.129578,2.3195751e-07,50.163094,False,0.69686675,normal,0.0
2012-04-01 17:00:00,61.0,13.449262,4.0347786,67.857635,2.3297618e-07,68.102165,False,1.783296,normal,0.0
2012-04-01 18:00:00,72.0,63.23314,60.07148,67.91239,59.81855,68.03886,True,4.3761034,high,0.5213178992271423
2012-04-01 19:00:00,30.0,71.98191,67.47648,76.05389,65.93964,76.05389,True,18.615213,low,1.0
2012-04-01 20:00:00,2.0,13.976586,3.9933105,68.01938,1.9966553,72.012695,True,1.0830332,low,0.03113279491662979
2012-04-01 21:00:00,2.0,1.9897821,2.5276677e-07,52.16556,2.5276677e-07,64.07098,False,0.36488706,normal,0.0
2012-04-01 22:00:00,2.0,1.982909,2.5189365e-07,63.981853,2.5189365e-07,65.0447,False,0.40280733,normal,0.0
2012-04-01 23:00:00,4.0,1.9771813,2.5116606e-07,62.258152,2.5116606e-07,64.10091,False,0.36657277,normal,0.0
2012-04-02 00:00:00,0.0,4.3170366,1.9622895,17.029408,1.0413218,22.028055,True,1.4164895,low,0.13023653626441956
2012-04-02 01:00:00,4.0,1.946252,2.4723704e-07,7.032466,2.4723704e-07,11.942205,False,1.0089384,normal,0.0
2012-04-02 02:00:00,0.0,4.008049,2.4636392e-07,10.989812,2.4636392e-07,12.94925,True,1.326323,low,2.241748120468401e-08
2012-04-02 03:00:00,7.0,2.0576737,2.4505425e-07,10.0311575,2.4505425e-07,12.010432,False,1.5396909,normal,0.0
2012-04-02 04:00:00,6.0,6.7397127,2.446177e-07,13.992928,2.446177e-07,16.971264,False,0.035415966,normal,0.0
2012-04-02 05:00:00,8.0,7.048051,2.4418114e-07,12.942784,2.4418114e-07,13.973086,False,0.27776486,normal,0.0
2012-04-02 06:00:00,10.0,8.049167,2.044233,13.057546,2.4345354e-07,14.063692,False,0.5975223,normal,0.0
2012-04-02 07:00:00,15.0,10.974615,5.9977546,14.037298,5.9977546,15.951476,True,2.06155,high,0.11974582076072693
2012-04-02 08:00:00,12.0,14.0625,7.03125,19.943182,2.0454547,19.953419,False,0.71867526,normal,0.0
2012-04-02 09:00:00,11.0,12.024223,9.951963,15.989659,7.0303335,15.999903,False,0.8712865,normal,0.0
2012-04-02 10:00:00,11.0,10.987751,8.023614,14.948452,7.02705,14.948452,False,0.22591503,normal,0.0
2012-04-02 11:00:00,10.0,10.981182,8.915826,14.045698,7.0177417,14.939516,False,0.95704305,normal,0.0
2012-04-02 12:00:00,13.0,9.947764,5.9941654,14.054415,5.9941654,15.947037,False,1.2370119,normal,0.0
2012-04-02 13:00:00,11.0,11.995509,7.018649,15.951476,3.9514997,20.007713,False,0.2704597,normal,0.0
2012-04-02 14:00:00,8.0,9.941807,3.951231,14.020497,2.034247,15.045273,False,0.6725865,normal,0.0
2012-04-02 15:00:00,6.0,8.015488,2.0356796,21.117037,2.0255013,52.046604,False,0.40151903,normal,0.0
2012-04-02 16:00:00,10.0,6.985047,1.9812133,50.063793,2.4199835e-07,63.881428,False,0.03725407,normal,0.0
2012-04-02 17:00:00,53.0,9.033328,2.424349e-07,66.15958,2.424349e-07,68.06803,False,2.0386398,normal,0.0
2012-04-02 18:00:00,2.0,64.41861,4.050663,72.12793,1.9599984,72.2586,True,3.88586,low,0.030122580006718636
2012-04-02 19:00:00,58.0,4.0364585,2.4811015e-07,32.005245,2.4811015e-07,51.863323,True,6.343094,high,0.8122029304504395
2012-04-02 20:00:00,8.0,58.03359,2.553861e-07,65.94451,2.553861e-07,66.21794,False,1.3721459,normal,0.0
2012-04-02 21:00:00,6.0,8.050771,2.5567715e-07,64.27534,2.5567715e-07,68.02901,False,0.4164442,normal,0.0
2012-04-02 22:00:00,15.0,6.969392,2.553861e-07,60.255108,2.553861e-07,66.075195,False,0.24681595,normal,0.0
2012-04-02 23:00:00,67.0,11.969163,2.5625923e-07,60.208954,2.5625923e-07,64.14933,True,4.1007414,high,0.11279129981994629
2012-04-03 00:00:00,65.0,17.020712,2.636807e-07,71.95747,2.636807e-07,71.95817,False,1.5455899,normal,0.0
2012-04-03 01:00:00,65.0,18.932673,1.9929132,68.23237,2.712477e-07,70.17901,False,1.0970395,normal,0.0
2012-04-03 02:00:00,68.0,64.95601,9.9706745,67.888565,2.0425222,68.03593,True,0.49217632,high,0.0019240156980231404
2012-04-03 03:00:00,69.0,67.97562,64.04814,71.9031,64.042854,72.205215,False,0.8395968,normal,0.0
2012-04-03 04:00:00,68.0,68.9481,65.05712,72.06088,63.812008,72.06634,False,0.27849802,normal,0.0
2012-04-03 05:00:00,69.0,68.02908,63.823288,71.87073,62.105747,72.190865,False,0.6261484,normal,0.0
2012-04-03 06:00:00,70.0,68.924576,64.97663,73.546974,64.971695,75.83349,False,0.4876005,normal,0.0
2012-04-03 07:00:00,74.0,69.96747,66.92541,71.830734,34.981197,72.51521,True,1.2822474,high,0.44222646951675415
2012-04-03 08:00:00,73.0,74.07762,67.99143,77.73803,65.035286,78.25275,False,0.1647686,normal,0.0
2012-04-03 09:00:00,71.0,72.63861,66.0351,76.0296,63.179523,77.635864,False,0.37845302,normal,0.0
2012-04-03 10:00:00,71.0,70.08095,67.88063,73.92809,65.1396,74.47245,False,0.35099766,normal,0.0
2012-04-03 11:00:00,71.0,71.05671,63.93229,73.11904,36.376724,74.80828,False,0.1833049,normal,0.0
2012-04-03 12:00:00,79.0,71.036476,65.08477,74.30031,62.012924,75.0702,True,4.0006237,high,0.5099747180938721
2012-04-03 13:00:00,71.0,76.05389,67.951,82.56083,66.00532,85.7084,False,1.118132,normal,0.0
2012-04-03 14:00:00,70.0,69.93318,35.79289,76.18081,6.025943,78.20122,False,0.18098624,normal,0.0
2012-04-03 15:00:00,70.0,68.2,57.748497,73.96918,3.9261067e-07,77.67793,False,0.29488593,normal,0.0
2012-04-03 16:00:00,87.0,69.0848,61.081074,77.7204,57.6321,79.846664,True,2.9115527,high,0.5576909780502319
2012-04-03 17:00:00,95.0,82.86282,64.90561,89.56974,64.030464,90.86785,True,1.8777697,high,0.22016827762126923
2012-04-03 18:00:00,66.0,92.86623,86.14637,99.14544,70.062775,99.36576,True,6.1663246,low,1.0
2012-04-03 19:00:00,85.0,65.604416,1.9748845,72.01857,4.2884494e-07,72.92444,True,1.268716,high,0.18533334136009216
2012-04-03 20:00:00,65.0,71.91685,61.950237,90.18511,60.753555,91.80961,False,0.8582633,normal,0.0
2012-04-03 21:00:00,65.0,65.066895,5.7935476,74.02538,4.4921762e-07,83.926865,False,0.10793734,normal,0.0
2012-04-03 22:00:00,36.0,65.10921,60.039818,73.06167,1.9220434,73.99865,True,4.152604,low,1.0
2012-04-03 23:00:00,4.0,10.004124,4.538742e-07,65.09829,4.538742e-07,71.93441,False,0.77411956,normal,0.0
2012-04-04 00:00:00,3.0,4.0077443,4.4921762e-07,30.040434,4.4921762e-07,66.01933,False,0.24428017,normal,0.0
2012-04-04 01:00:00,6.0,3.0568035,4.480535e-07,16.389313,4.480535e-07,67.955086,False,0.094537064,normal,0.0
2012-04-04 02:00:00,8.0,3.992165,4.474714e-07,10.097829,4.474714e-07,12.007052,False,1.05494,normal,0.0
2012-04-04 03:00:00,6.0,9.621901,3.0273786,16.896996,0.93402874,22.079933,False,0.93047404,normal,0.0
2012-04-04 04:00:00,8.0,7.9687505,3.023438,14.062501,2.0988286,14.067193,False,0.12240904,normal,0.0
2012-04-04 05:00:00,10.0,10.071558,3.9817789,15.927114,3.9817789,17.102915,False,0.014979986,normal,0.0
2012-04-04 06:00:00,9.0,11.937546,7.9349575,17.11049,7.022086,20.149895,False,1.2121713,normal,0.0
2012-04-04 07:00:00,10.0,11.925861,6.991829,18.005713,6.0740056,18.010393,False,0.65727997,normal,0.0
2012-04-04 08:00:00,9.0,10.983321,6.07588,14.979389,3.972691,16.133808,False,0.865664,normal,0.0
2012-04-04 09:00:00,10.0,10.035436,6.067938,14.0029335,6.064437,15.871159,False,0.108284496,normal,0.0
2012-04-04 10:00:00,9.0,10.028868,6.996885,15.638041,6.0441422,24.07283,False,0.5721759,normal,0.0
2012-04-04 11:00:00,10.0,10.019016,6.990011,15.168333,4.893008,18.183357,False,0.2892031,normal,0.0
2012-04-04 12:00:00,10.0,10.015733,7.8844776,17.935148,6.0560246,59.86147,False,0.22865316,normal,0.0
2012-04-04 13:00:00,10.0,10.002597,6.048082,14.916674,2.0935671,16.061157,False,0.23227417,normal,0.0
2012-04-04 14:00:00,8.0,9.99603,3.9519188,13.947948,4.429603e-07,16.970003,False,0.60435927,normal,0.0
2012-04-04 15:00:00,8.0,7.8934507,2.0894432,48.15008,2.078996,63.844086,False,0.2634078,normal,0.0
2012-04-04 16:00:00,4.0,9.982894,3.0180845,63.844086,2.078996,68.02297,False,0.7429513,normal,0.0
2012-04-04 17:00:00,2.0,5.9408603,4.353933e-07,66.03495,4.353933e-07,67.8732,False,0.64712715,normal,0.0
2012-04-04 18:00:00,2.0,2.015213,4.2666215e-07,57.77503,4.2666215e-07,64.95032,False,0.30860686,normal,0.0
2012-04-04 19:00:00,4.0,1.9719119,4.1749445e-07,54.00303,4.1749445e-07,59.845356,False,0.094469145,normal,0.0
2012-04-04 20:00:00,2.0,1.9292984,4.0847226e-07,30.359776,4.0847226e-07,65.82123,False,0.24928264,normal,0.0
2012-04-04 21:00:00,4.0,2.0940254,3.9901352e-07,16.522001,3.9901352e-07,58.054794,False,0.04704291,normal,0.0
2012-04-04 22:00:00,0.0,3.067724,3.897003e-07,18.099607,3.897003e-07,57.927876,True,0.5459303,low,2.1530867755359395e-08
2012-04-04 23:00:00,4.0,1.9955099,3.8024154e-07,9.1993065,3.8024154e-07,10.007509,False,0.5450631,normal,0.0
2012-04-05 00:00:00,2.0,1.9496888,3.715104e-07,12.088069,3.715104e-07,14.057274,False,0.35363457,normal,0.0
2012-04-05 01:00:00,6.0,3.5786676,3.686e-07,11.026164,3.686e-07,15.112638,False,0.7741714,normal,0.0
2012-04-05 02:00:00,7.0,5.9730115,1.9267782,11.999029,3.6714482e-07,18.121355,False,0.09336789,normal,0.0
2012-04-05 03:00:00,7.0,8.076429,1.9229597,14.999083,1.9229597,17.894108,False,0.38835615,normal,0.0
2012-04-05 04:00:00,8.0,8.245739,4.026989,13.99858,3.0624294,15.926751,False,0.35126632,normal,0.0
2012-04-05 05:00:00,11.0,8.994837,5.932765,14.927602,5.932765,17.989674,False,0.77055055,normal,0.0
2012-04-05 06:00:00,10.0,11.073436,8.018695,17.946602,7.048815,20.046738,False,0.65486467,normal,0.0
2012-04-05 07:00:00,13.0,11.04686,7.99945,15.9989,6.084344,16.008432,False,0.7572531,normal,0.0
2012-04-05 08:00:00,10.0,11.984741,7.9898276,18.07223,6.4603467,19.975521,False,0.8674285,normal,0.0
2012-04-05 09:00:00,10.0,11.011425,7.9737906,15.947581,7.0197835,15.948531,False,0.64180803,normal,0.0
2012-04-05 10:00:00,10.0,10.045974,7.9609604,14.974187,7.008488,15.921921,False,0.43787363,normal,0.0
2012-04-05 11:00:00,9.0,10.97599,9.078847,16.085503,7.9481306,20.059568,True,1.167293,low,0.011253146454691887
2012-04-05 12:00:00,10.0,10.009546,7.9226503,14.003932,6.0435,16.053045,False,0.30017796,normal,0.0
2012-04-05 13:00:00,10.0,9.993357,6.033725,13.952988,3.959632,16.03746,False,0.15210883,normal,0.0
2012-04-05 14:00:00,7.0,9.028593,3.9500096,16.218565,2.0690527,19.978622,False,0.786927,normal,0.0
2012-04-05 15:00:00,6.0,6.9454117,2.0648525,12.952254,2.0545282,28.00882,False,0.24310213,normal,0.0
2012-04-05 16:00:00,6.0,3.9419909,3.5768608e-07,12.975727,3.5768608e-07,18.100384,False,0.32670435,normal,0.0
2012-04-05 17:00:00,4.0,2.057292,3.563764e-07,12.016471,3.563764e-07,30.064648,False,0.00065424043,normal,0.0
2012-04-05 18:00:00,0.0,2.009409,3.480818e-07,10.069885,3.480818e-07,30.099253,True,0.6838022,low,3.456660735423611e-08
2012-04-05 19:00:00,2.0,1.948925,3.3760443e-07,20.118254,3.3760443e-07,54.057877,False,0.18431024,normal,0.0
2012-04-05 20:00:00,2.0,1.9254035,3.335299e-07,5.0979514,3.335299e-07,10.052429,False,0.0024477332,normal,0.0
2012-04-05 21:00:00,3.0,1.9254035,3.335299e-07,5.9512467,3.335299e-07,18.108496,False,0.22829883,normal,0.0
2012-04-05 22:00:00,2.0,1.9262435,3.3367542e-07,9.981442,3.3367542e-07,13.044252,False,0.21917042,normal,0.0
2012-04-05 23:00:00,2.0,1.9262435,3.3367542e-07,8.055199,3.3367542e-07,11.037379,False,0.36895484,normal,0.0
2012-04-06 00:00:00,0.0,1.9245635,3.3338438e-07,8.048174,3.3338438e-07,9.982369,True,1.3566002,low,4.142360054970595e-08
2012-04-06 01:00:00,4.0,4.024087,3.3338438e-07,8.048174,3.3338438e-07,9.972737,False,0.09897497,normal,0.0
2012-04-06 02:00:00,2.0,5.9486504,1.9245635,11.022499,3.3338438e-07,14.002078,False,1.3798012,normal,0.0
2012-04-06 03:00:00,4.0,4.0276,3.3367542e-07,9.981442,3.3367542e-07,9.986701,False,0.060945135,normal,0.0
2012-04-06 04:00:00,2.0,5.9460535,3.3323886e-07,11.017687,3.3323886e-07,11.022063,False,1.5060244,normal,0.0
2012-04-06 05:00:00,8.0,4.0153046,1.8723539,9.950972,3.3265678e-07,12.96424,False,1.3188411,normal,0.0
2012-04-06 06:00:00,12.0,8.030608,4.002211,12.918805,1.9203632,15.013746,False,1.6083853,normal,0.0
2012-04-06 07:00:00,11.0,11.008065,5.9408607,15.904908,5.061963,24.121649,False,0.014370267,normal,0.0
2012-04-06 08:00:00,9.0,10.988819,8.023582,13.954057,5.9304743,13.964533,False,1.2215354,normal,0.0
2012-04-06 09:00:00,10.0,9.929207,6.9678645,13.086528,4.006522,16.035677,False,0.029477343,normal,0.0
2012-04-06 10:00:00,10.0,9.924854,6.96481,13.080791,5.905288,14.979569,False,0.02220463,normal,0.0
2012-04-06 11:00:00,9.0,9.920501,8.006019,13.075054,7.975561,16.02162,False,0.8455129,normal,0.0
2012-04-06 12:00:00,11.0,9.916147,6.9587,12.0037565,6.9587,13.05714,False,1.0691093,normal,0.0
2012-04-06 13:00:00,9.0,10.081257,6.952591,13.036108,6.0835176,13.041327,False,0.49118254,normal,0.0
2012-04-06 14:00:00,7.0,7.9884534,3.994227,12.178058,2.9479132,15.976907,False,0.6389399,normal,0.0
2012-04-06 15:00:00,6.0,6.9434266,2.9509566,10.067968,2.0830283,14.944005,False,0.4641181,normal,0.0
2012-04-06 16:00:00,11.0,4.5132275,2.0830283,10.067968,3.3076503e-07,13.887722,True,2.4662116,high,0.1167236715555191
2012-04-06 17:00:00,54.0,5.036199,3.3091055e-07,22.102852,3.3091055e-07,34.12728,True,7.73854,high,1.0
2012-04-06 18:00:00,2.0,50.992218,3.3105607e-07,70.06437,3.3105607e-07,83.91564,False,1.2097925,normal,0.0
2012-04-06 19:00:00,2.0,2.084861,3.3105607e-07,36.163715,3.3105607e-07,58.078186,False,0.27725136,normal,0.0
2012-04-06 20:00:00,4.0,2.0335414,3.22907e-07,8.316464,3.22907e-07,54.0583,False,0.115298666,normal,0.0
2012-04-06 21:00:00,2.0,2.0298755,3.2232492e-07,24.09634,3.2232492e-07,61.911198,False,0.2678737,normal,0.0
2012-04-06 22:00:00,2.0,2.02621,3.2174285e-07,10.012871,3.2174285e-07,36.055645,False,0.18974419,normal,0.0
2012-04-06 23:00:00,28.0,2.0142965,3.198511e-07,4.5447607,3.198511e-07,9.186149,True,10.129264,high,1.0
2012-04-07 00:00:00,35.0,28.029541,3.1417585e-07,68.09529,3.1417585e-07,72.05241,False,0.24284875,normal,0.0
2012-04-07 01:00:00,39.0,34.956547,2.9265947,68.93756,1.9413081,70.07568,False,0.18779886,normal,0.0
2012-04-07 02:00:00,67.0,39.187134,32.79915,53.962612,27.944923,70.02291,True,4.60533,high,0.6160327792167664
2012-04-07 03:00:00,25.0,68.143555,53.93695,73.36067,38.987907,78.015945,True,8.7648945,low,1.0
2012-04-07 04:00:00,68.0,19.488636,2.9947842e-07,49.97892,2.9947842e-07,55.951244,True,3.862115,high,0.3605736196041107
2012-04-07 05:00:00,70.0,68.131645,35.99111,71.986145,5.972324,74.074936,False,0.41116747,normal,0.0
2012-04-07 06:00:00,41.0,69.97304,64.93734,74.061356,58.307983,75.79102,True,10.812041,low,1.0
2012-04-07 07:00:00,65.0,40.92742,8.991631,72.44077,8.061462,75.96377,False,0.89037925,normal,0.0
2012-04-07 08:00:00,71.0,66.05786,35.03536,70.996765,33.02893,75.00962,True,0.82173526,high,8.995374810183421e-05
2012-04-07 09:00:00,72.0,70.00137,39.371918,78.94428,35.463253,78.94428,False,0.43302605,normal,0.0
2012-04-07 10:00:00,71.0,70.96163,63.094147,78.98338,39.49169,86.85086,False,0.0057955976,normal,0.0
2012-04-07 11:00:00,70.0,70.96163,65.87091,78.98338,64.94532,86.85086,False,0.47266173,normal,0.0
2012-04-07 12:00:00,72.0,70.00137,65.98863,78.19262,65.06735,86.80787,False,0.45489872,normal,0.0
2012-04-07 13:00:00,71.0,72.063484,64.0735,75.00595,54.085255,78.21885,False,0.037713677,normal,0.0
2012-04-07 14:00:00,94.0,70.06598,64.0735,78.05597,53.83787,78.05674,True,6.587163,high,1.0
2012-04-07 15:00:00,94.0,94.06922,69.96884,107.9075,65.9262,107.9075,False,0.16038483,normal,0.0
2012-04-07 16:00:00,67.0,94.076866,70.82902,98.79643,47.038433,99.26839,True,3.4696066,low,0.13690994679927826
2012-04-07 17:00:00,66.0,65.899925,2.0252936,86.01266,2.9685907e-07,93.94245,False,0.40653622,normal,0.0
2012-04-07 18:00:00,66.0,66.038155,32.293423,78.23988,1.98652,84.943504,False,0.3046091,normal,0.0
2012-04-07 19:00:00,67.0,66.038155,3.9930048,78.170746,1.9965025,87.99967,False,0.389114,normal,0.0
2012-04-07 20:00:00,91.0,66.05587,33.47313,69.41955,1.9786323,72.01234,True,2.3799224,high,0.600350558757782
2012-04-07 21:00:00,64.0,90.3542,45.786144,92.66702,1.9944227,94.2089,False,1.025545,normal,0.0
2012-04-07 22:00:00,30.0,64.11046,4.006904,90.925896,2.9365765e-07,96.01158,False,1.7105352,normal,0.0
2012-04-07 23:00:00,2.0,29.96243,1.9974954,66.071,2.9278453e-07,68.11848,False,1.8175638,normal,0.0
2012-04-08 00:00:00,5.0,3.070015,2.924935e-07,60.118603,2.924935e-07,66.06524,False,0.36197412,normal,0.0
2012-04-08 01:00:00,4.0,5.992486,2.9278453e-07,52.138485,2.9278453e-07,68.42424,False,0.4609529,normal,0.0
2012-04-08 02:00:00,4.0,5.0655246,1.9955099,13.120502,1.0691329,29.932644,False,0.43062553,normal,0.0
2012-04-08 03:00:00,7.0,5.055444,1.9915388,9.961523,2.9191142e-07,15.088276,False,0.60841155,normal,0.0
2012-04-08 04:00:00,9.0,7.970125,1.9925314,13.028089,1.9825687,26.185818,False,0.24391726,normal,0.0
2012-04-08 05:00:00,10.0,9.96762,5.930734,20.1883,3.987048,26.139,False,0.060066104,normal,0.0
2012-04-08 06:00:00,10.0,9.96762,7.9625945,15.051114,5.0551167,22.092089,False,0.20508134,normal,0.0
2012-04-08 07:00:00,14.0,9.972585,7.9550543,13.041072,5.9735785,13.961618,True,3.2134066,high,0.18854199349880219
2012-04-08 08:00:00,11.0,9.99244,7.9939523,15.987903,5.9908524,18.097185,False,0.12797636,normal,0.0
2012-04-08 09:00:00,11.0,10.925664,8.902107,14.003315,6.9100976,22.005209,False,0.04281192,normal,0.0
2012-04-08 10:00:00,12.0,10.931086,8.906525,14.010264,7.9958587,28.07986,False,0.33121186,normal,0.0
2012-04-08 11:00:00,10.0,10.947352,8.017779,14.960097,6.923815,20.053707,False,0.7074774,normal,0.0
2012-04-08 12:00:00,12.0,10.484788,8.017779,14.031113,6.0133343,21.924799,False,0.50982213,normal,0.0
2012-04-08 13:00:00,11.0,10.032152,6.945336,14.045012,6.0192914,14.054282,False,0.46015352,normal,0.0
2012-04-08 14:00:00,10.0,8.956195,4.9413495,14.051962,2.0074234,17.92321,False,0.33937004,normal,0.0
2012-04-08 15:00:00,8.0,8.9650545,4.0188174,17.277151,2.009409,56.0247,False,0.23954952,normal,0.0
2012-04-08 16:00:00,9.0,6.9556456,2.009409,15.043534,0.92278254,32.186275,False,0.27372897,normal,0.0
2012-04-08 17:00:00,51.0,6.043118,0.90646785,15.103948,2.9525836e-07,70.03818,True,5.600444,high,1.0
2012-04-08 18:00:00,7.0,33.48439,3.023888e-07,70.30135,3.023888e-07,72.04698,False,0.9947846,normal,0.0
2012-04-08 19:00:00,7.0,6.044874,2.0679834,50.10882,3.031164e-07,67.93645,False,0.18529865,normal,0.0
2012-04-08 20:00:00,6.0,7.009409,2.070962,28.137234,3.0355295e-07,68.023125,False,0.27010635,normal,0.0
2012-04-08 21:00:00,6.0,4.947917,2.058972,30.006721,3.0413503e-07,43.924763,False,0.07933749,normal,0.0
2012-04-08 22:00:00,26.0,6.070992,2.0769186,24.196125,3.0442607e-07,36.145607,True,3.6093628,high,0.0815524235367775
2012-04-08 23:00:00,39.0,26.041515,3.0820956e-07,50.142044,3.0820956e-07,56.0249,False,1.2282155,normal,0.0
2012-04-09 00:00:00,14.0,38.96788,7.0701222,70.04353,2.9546535,70.04436,False,2.221115,normal,0.0
2012-04-09 01:00:00,68.0,12.069664,1.9840546,40.01176,3.1504896e-07,44.00966,True,5.5862975,high,0.7359960079193115
2012-04-09 02:00:00,83.0,65.988205,5.9270344,77.893295,2.0408726,78.06337,True,1.3902986,high,0.07095970213413239
2012-04-09 03:00:00,85.0,75.89081,11.080234,86.17959,10.024973,86.53926,False,0.8955617,normal,0.0
2012-04-09 04:00:00,69.0,82.91605,68.005714,90.91673,36.003025,92.00773,False,1.7302338,normal,0.0
2012-04-09 05:00:00,70.0,69.93448,38.902218,83.92603,10.06497,85.04032,False,0.11057868,normal,0.0
2012-04-09 06:00:00,69.0,70.09615,62.021725,81.01168,12.012799,83.657936,False,0.14321639,normal,0.0
2012-04-09 07:00:00,69.0,69.99023,63.92962,74.105576,36.940372,80.03429,False,0.09859229,normal,0.0
2012-04-09 08:00:00,14.0,69.1239,64.92352,80.9459,35.96041,84.921524,True,11.762168,low,1.0
2012-04-09 09:00:00,14.0,12.005133,8.003422,22.109488,6.0025663,72.43096,False,0.16843799,normal,0.0
2012-04-09 10:00:00,14.0,14.02737,9.017596,17.033236,7.013686,26.270473,False,0.13096087,normal,0.0
2012-04-09 11:00:00,14.0,14.048754,9.031342,16.080816,8.017825,19.321299,False,0.14410788,normal,0.0
2012-04-09 12:00:00,15.0,14.075482,11.059308,15.689138,10.04889,16.367855,False,0.80342054,normal,0.0
2012-04-09 13:00:00,14.0,13.900751,9.065707,16.952883,7.4520116,22.169693,False,0.16699594,normal,0.0
2012-04-09 14:00:00,11.0,13.417416,8.070626,16.554874,7.0517097,18.193243,False,0.8163166,normal,0.0
2012-04-09 15:00:00,10.0,9.901485,6.062134,14.978532,5.0467267,29.906527,False,0.096275546,normal,0.0
2012-04-09 16:00:00,40.0,9.5117,5.0594153,14.975867,2.0136476,37.895065,True,7.241001,high,1.0
2012-04-09 17:00:00,67.0,36.075268,2.0497315,71.945564,3.905734e-07,77.889786,False,1.4571965,normal,0.0
2012-04-09 18:00:00,70.0,66.08206,2.0978436,69.858185,2.0873544,70.172966,True,0.58076227,high,0.0020928937010467052
2012-04-09 19:00:00,67.0,67.98112,6.023644,73.57451,6.023644,77.88788,False,0.13505112,normal,0.0
2012-04-09 20:00:00,64.0,66.90861,3.0813177,72.21288,1.9709429,77.93644,False,0.040130593,normal,0.0
2012-04-09 21:00:00,65.0,64.07624,2.0234606,68.14566,2.0133433,70.155624,False,0.41011629,normal,0.0
2012-04-09 22:00:00,23.0,64.966545,2.0660744,72.08302,4.3743057e-07,72.11289,False,2.5760064,normal,0.0
2012-04-09 23:00:00,4.0,8.090864,4.4048647e-07,44.401592,4.4048647e-07,64.063484,False,0.7499179,normal,0.0
2012-04-10 00:00:00,4.0,3.932445,4.407775e-07,31.974262,4.407775e-07,64.075714,False,0.28828943,normal,0.0
2012-04-10 01:00:00,4.0,3.937638,2.084632,25.994217,2.084632,50.11115,False,0.19519782,normal,0.0
2012-04-10 02:00:00,4.0,3.937638,2.084632,16.208094,2.0742087,40.190655,False,0.204889,normal,0.0
2012-04-10 03:00:00,7.0,3.9402347,2.0860066,10.418609,2.0860066,32.05503,False,0.3657279,normal,0.0
2012-04-10 04:00:00,6.0,9.048296,3.9209287,20.254372,2.0880685,36.021553,False,0.6587761,normal,0.0
2012-04-10 05:00:00,9.0,7.898644,5.093464,12.080279,2.090818,13.014183,False,0.6110345,normal,0.0
2012-04-10 06:00:00,9.0,9.992745,6.971683,13.943366,6.0374775,15.149509,False,0.58893496,normal,0.0
2012-04-10 07:00:00,11.0,9.982894,7.8702345,12.095562,6.0257215,13.92962,False,0.596492,normal,0.0
2012-04-10 08:00:00,11.0,10.911534,7.8702345,13.92962,6.9601665,13.92962,False,0.11925448,normal,0.0
2012-04-10 09:00:00,12.0,10.918714,9.060209,13.938784,7.898644,19.988224,False,0.45303053,normal,0.0
2012-04-10 10:00:00,11.0,10.925892,9.066167,13.947948,7.8945384,16.05992,False,0.38735119,normal,0.0
2012-04-10 11:00:00,13.0,10.9294815,9.069145,13.95253,8.8273,15.115241,False,1.4649817,normal,0.0
2012-04-10 12:00:00,11.0,12.108077,9.0810585,15.170036,9.0705805,20.055195,False,0.5218948,normal,0.0
2012-04-10 13:00:00,11.0,10.943838,9.051952,16.066486,7.912163,21.908653,False,0.20992652,normal,0.0
2012-04-10 14:00:00,11.0,10.019016,6.990011,13.07133,6.047525,36.658024,False,0.16172677,normal,0.0
2012-04-10 15:00:00,10.0,9.098928,6.0659523,14.954913,3.0329764,30.245914,False,0.012398133,normal,0.0
2012-04-10 16:00:00,80.0,9.110843,4.9058385,33.873642,3.9713929,47.911366,True,10.399223,high,1.0
2012-04-10 17:00:00,81.0,71.9031,64.020035,85.29835,4.060973,93.41553,False,0.86376435,normal,0.0
2012-04-10 18:00:00,8.0,77.46307,65.05453,83.61314,63.820896,84.32994,True,9.132651,low,1.0
2012-04-10 19:00:00,7.0,7.0006266,4.0495,40.169144,1.9312077,70.00626,False,0.27604604,normal,0.0
2012-04-10 20:00:00,8.0,6.286352,4.104263,30.228981,1.9342625,59.962124,False,0.05130068,normal,0.0
2012-04-10 21:00:00,8.0,7.988911,4.1155,41.929695,1.9367062,52.14832,False,0.20920646,normal,0.0
2012-04-10 22:00:00,8.0,8.974218,3.832234,54.087852,1.93067,56.037937,False,0.45355132,normal,0.0
2012-04-10 23:00:00,9.0,8.019154,5.103098,35.721684,3.8783545,53.704025,False,0.2636015,normal,0.0
2012-04-11 00:00:00,8.0,8.937486,6.0388417,43.962765,5.072627,68.118126,False,0.43381706,normal,0.0
2012-04-11 01:00:00,8.0,7.9032264,5.496335,46.07824,4.0605826,71.84871,False,0.28183368,normal,0.0
2012-04-11 02:00:00,6.0,8.062225,5.9281073,16.171892,1.8969946,65.94072,False,0.54034424,normal,0.0
2012-04-11 03:00:00,7.0,6.973974,3.9519188,10.925892,3.9426203,26.040823,False,0.089492425,normal,0.0
2012-04-11 04:00:00,4.0,6.932735,5.084006,12.062976,3.9285502,34.02129,True,1.1465614,low,0.15532459318637848
2012-04-11 05:00:00,8.0,6.1074967,2.9180262,11.98879,2.0358324,14.044999,False,0.9311387,normal,0.0
2012-04-11 06:00:00,8.0,9.080218,5.0660973,13.08881,3.9864373,22.186777,False,0.4265496,normal,0.0
2012-04-11 07:00:00,9.0,8.9768915,5.9116116,14.012708,5.456199,15.1074505,False,0.31837603,normal,0.0
2012-04-11 08:00:00,8.0,10.089581,7.0841737,13.953675,7.07344,13.953675,False,1.2503418,normal,0.0
2012-04-11 09:00:00,8.0,9.024011,6.9254036,13.037606,5.0261645,23.954582,False,0.6857801,normal,0.0
2012-04-11 10:00:00,8.0,7.9939523,6.9690866,11.068549,5.944221,28.161335,False,0.26410198,normal,0.0
2012-04-11 11:00:00,10.0,8.006476,6.0048575,13.035554,4.003238,40.232544,False,0.23099132,normal,0.0
2012-04-11 12:00:00,8.0,9.974569,7.040873,11.930368,6.052217,12.983639,False,0.90433866,normal,0.0
2012-04-11 13:00:00,8.0,8.295111,5.9019237,12.013609,4.0045366,13.971114,False,0.3713901,normal,0.0
2012-04-11 14:00:00,8.0,7.9928827,4.9955516,24.22968,2.969449,51.88126,False,0.14702438,normal,0.0
2012-04-11 15:00:00,4.0,8.069098,3.944893,41.833813,3.944893,52.121117,False,0.650524,normal,0.0
2012-04-11 16:00:00,4.0,6.035405,2.0692818,62.294014,3.2858225e-07,78.01285,False,0.48758566,normal,0.0
2012-04-11 17:00:00,4.0,4.023094,2.0115473,51.185574,3.1941454e-07,79.96319,False,0.22651058,normal,0.0
2012-04-11 18:00:00,4.0,4.072352,1.9547291,8.983616,0.97247785,34.194866,False,0.16200456,normal,0.0
2012-04-11 19:00:00,5.0,3.9539807,2.05607,9.038808,2.0457897,24.130438,False,0.11690399,normal,0.0
2012-04-11 20:00:00,4.0,5.0630045,3.0569808,15.261973,1.9945171,38.089172,False,0.3944475,normal,0.0
2012-04-11 21:00:00,4.0,3.9630687,2.0549245,8.120638,2.0549245,20.328552,False,0.18149768,normal,0.0
2012-04-11 22:00:00,4.0,3.9815497,1.990775,20.099733,0.99041075,27.790565,False,0.2891121,normal,0.0
2012-04-11 23:00:00,6.0,4.066166,4.066166,7.0106306,1.9629768,8.292331,False,0.5309035,normal,0.0
2012-04-12 00:00:00,4.0,5.058651,3.9345064,16.16666,3.9345064,38.24989,False,0.41527846,normal,0.0
2012-04-12 01:00:00,4.0,3.9323683,3.9323683,8.005178,3.9274528,8.095149,False,0.41281894,normal,0.0
2012-04-12 02:00:00,4.0,3.9323683,3.9323683,8.029765,3.9253461,15.032184,False,0.550613,normal,0.0
2012-04-12 03:00:00,6.0,5.055902,3.9323683,8.005178,2.944361,8.98827,False,0.80382717,normal,0.0
2012-04-12 04:00:00,4.0,6.035711,3.9302301,11.931055,3.9302301,18.006807,False,1.054099,normal,0.0
2012-04-12 05:00:00,8.0,6.9991755,4.059522,9.966836,4.058822,14.058602,False,0.38915035,normal,0.0
2012-04-12 06:00:00,8.0,7.9703536,5.033908,12.025446,4.0550923,13.069345,False,0.17038475,normal,0.0
2012-04-12 07:00:00,9.0,8.939394,6.9594584,12.012311,6.006156,12.990057,False,0.1167445,normal,0.0
2012-04-12 08:00:00,8.0,9.054253,7.939883,11.979472,5.9897366,11.979472,False,1.1171023,normal,0.0
2012-04-12 09:00:00,9.0,9.039361,7.4957156,11.959769,6.948487,12.9388075,False,0.116762094,normal,0.0
2012-04-12 10:00:00,8.0,9.029432,8.057032,11.946633,6.9457173,13.082977,True,0.9443248,low,0.014662585221230984
2012-04-12 11:00:00,9.0,9.009577,8.028918,12.058971,5.955331,12.07354,False,0.234336,normal,0.0
2012-04-12 12:00:00,8.0,8.034885,7.065158,10.944068,5.956898,10.954468,False,0.69033426,normal,0.0
2012-04-12 13:00:00,9.0,8.017168,5.9437623,11.058163,5.9437623,13.96093,False,0.52714384,normal,0.0
2012-04-12 14:00:00,6.0,8.008309,4.9465117,9.94135,4.004155,12.072584,False,1.2223558,normal,0.0
2012-04-12 15:00:00,6.0,6.061828,3.995296,10.081243,3.995296,45.907352,False,0.11967161,normal,0.0
2012-04-12 16:00:00,2.0,4.9541793,3.990867,43.951153,3.027554,52.028522,True,0.6122746,low,0.04982113838195801
2012-04-12 17:00:00,2.0,3.9753637,1.3365446,10.058373,2.6120688e-07,32.09697,False,0.4741465,normal,0.0
2012-04-12 18:00:00,4.0,2.0000918,2.5407644e-07,6.960329,2.5407644e-07,18.020845,False,0.5368213,normal,0.0
2012-04-12 19:00:00,2.0,3.9933105,1.9966553,7.986621,2.5363988e-07,12.005246,False,1.1752763,normal,0.0
2012-04-12 20:00:00,2.0,1.9909276,1.9909276,7.057846,2.529123e-07,32.04735,False,0.39741406,normal,0.0
2012-04-12 21:00:00,2.0,1.9863455,2.523302e-07,5.9590364,2.523302e-07,8.065342,False,0.3871194,normal,0.0
2012-04-12 22:00:00,4.0,1.9817635,1.9817635,8.059171,2.5174813e-07,16.136324,False,0.26922074,normal,0.0
2012-04-12 23:00:00,6.0,4.0435605,1.9565618,14.106864,1.946779,44.057953,False,0.22470255,normal,0.0
2012-04-13 00:00:00,6.0,6.0121117,2.0466766,23.051075,2.0466766,76.239975,False,0.17048253,normal,0.0
2012-04-13 01:00:00,7.0,5.9833975,3.9464965,11.992266,2.0369017,31.99403,False,0.052698288,normal,0.0
2012-04-13 02:00:00,4.0,6.9909277,4.047379,10.057123,4.036954,26.191635,True,0.6800291,low,0.007883698679506779
2012-04-13 03:00:00,8.0,5.9473515,1.9824507,10.028867,1.9725385,10.038789,False,1.4240509,normal,0.0
2012-04-13 04:00:00,4.0,6.976265,2.989828,11.984236,1.9932187,13.95253,False,1.401376,normal,0.0
2012-04-13 05:00:00,9.0,8.03855,2.937773,11.000122,2.0096378,13.961694,False,0.73871094,normal,0.0
2012-04-13 06:00:00,10.0,7.987842,5.965604,11.0212,4.9499345,13.953446,False,1.2549322,normal,0.0
2012-04-13 07:00:00,9.0,10.047043,8.018313,13.041835,8.018313,14.007897,False,1.0838299,normal,0.0
2012-04-13 08:00:00,9.0,9.018359,6.9938293,11.963129,5.981565,12.975393,False,0.3934516,normal,0.0
2012-04-13 09:00:00,10.0,8.980939,7.9728737,12.005133,5.937042,14.040983,False,0.4361114,normal,0.0
2012-04-13 10:00:00,9.0,9.955707,8.037635,11.965115,7.03293,12.061023,False,0.6850237,normal,0.0
2012-04-13 11:00:00,9.0,10.00504,8.004033,13.006552,6.0030246,13.016566,False,0.5728388,normal,0.0
2012-04-13 12:00:00,9.0,8.966734,6.9741263,10.959342,5.9678597,11.961085,False,0.025143206,normal,0.0
2012-04-13 13:00:00,10.0,9.011486,7.004177,11.985277,5.943075,11.990238,False,0.7779103,normal,0.0
2012-04-13 14:00:00,7.0,7.993036,4.0414224,10.983698,3.9466736,14.050267,False,0.65067744,normal,0.0
2012-04-13 15:00:00,6.0,6.9813046,3.0162818,11.993524,1.969086,18.200378,False,0.21400292,normal,0.0
2012-04-13 16:00:00,16.0,4.995113,1.9623657,8.02786,1.9623657,40.089832,True,2.54599,high,1.0
2012-04-13 17:00:00,34.0,9.959678,2.009409,66.13576,1.9993619,178.75,False,0.6819178,normal,0.0
2012-04-13 18:00:00,6.0,30.035282,2.0362904,173.59375,1.6167178e-07,173.59375,False,0.6928926,normal,0.0
2012-04-13 19:00:00,4.0,5.9968386,1.9989463,20.015457,1.5235855e-07,36.77883,False,0.26236677,normal,0.0
2012-04-13 20:00:00,4.0,3.9827714,2.028959,14.078758,2.028959,36.584583,False,0.12780699,normal,0.0
2012-04-13 21:00:00,2.0,4.0221777,1.9758066,7.998497,1.9758066,12.025987,False,1.4617418,normal,0.0
2012-04-13 22:00:00,2.0,4.0109515,1.9725991,8.021903,1.2529199e-07,32.5349,False,0.2538546,normal,0.0
2012-04-13 23:00:00,4.0,3.9772727,1.9886364,6.992302,1.9199964,8.986075,False,0.14384583,normal,0.0
2012-04-14 00:00:00,8.0,3.9772727,1.9886364,8.018695,1.9886364,8.980938,False,2.5846107,normal,0.0
2012-04-14 01:00:00,6.0,7.025599,3.9962125,11.0218115,1.9981062,12.063092,False,0.5802673,normal,0.0
2012-04-14 02:00:00,9.0,6.008523,4.005682,10.014204,2.002841,132.1875,False,0.11467321,normal,0.0
2012-04-14 03:00:00,7.0,7.0188785,4.029356,10.983245,4.019283,16.027452,False,0.10658394,normal,0.0
